cell_id,y_true,y_pred,y_pred_top_prob,prob_CT,prob_ET,prob_IT,prob_Lamp5,prob_Pvalb,prob_Sncg,prob_Sst,prob_Vip
20171204_sample_2,ET,ET,0.344,0.09,0.344,0.072,0.008,0.206,0.004,0.238,0.038
20171204_sample_4,IT,IT,0.792,0.132,0.056,0.792,0.002,0.004,0.0,0.006,0.008
20171204_sample_5,IT,IT,0.762,0.142,0.084,0.762,0.0,0.0,0.002,0.01,0.0
20171204_sample_6,ET,IT,0.386,0.136,0.346,0.386,0.008,0.036,0.0,0.062,0.026
20171207_sample_1,ET,ET,0.386,0.188,0.386,0.276,0.006,0.068,0.0,0.056,0.02
20171207_sample_2,ET,ET,0.528,0.192,0.528,0.22,0.006,0.024,0.0,0.03,0.0
20171207_sample_6,IT,IT,0.424,0.206,0.262,0.424,0.016,0.038,0.002,0.024,0.028
20171207_sample_7,IT,IT,0.86,0.08,0.058,0.86,0.0,0.0,0.0,0.002,0.0
20171219_sample_1,IT,IT,0.978,0.022,0.0,0.978,0.0,0.0,0.0,0.0,0.0
20171219_sample_2,IT,IT,0.96,0.034,0.006,0.96,0.0,0.0,0.0,0.0,0.0
20171219_sample_3,IT,IT,0.996,0.002,0.002,0.996,0.0,0.0,0.0,0.0,0.0
20171219_sample_4,ET,ET,0.592,0.082,0.592,0.082,0.006,0.106,0.0,0.126,0.006
20171219_sample_6,ET,ET,0.46,0.182,0.46,0.332,0.0,0.012,0.0,0.01,0.004
20171219_sample_7,IT,IT,0.986,0.014,0.0,0.986,0.0,0.0,0.0,0.0,0.0
20171219_sample_8,ET,ET,0.436,0.22,0.436,0.164,0.008,0.082,0.0,0.082,0.008
20180102_sample_1,ET,ET,0.718,0.102,0.718,0.092,0.004,0.018,0.002,0.06,0.004
20180102_sample_2,IT,IT,0.812,0.16,0.028,0.812,0.0,0.0,0.0,0.0,0.0
20180102_sample_3,ET,IT,0.642,0.146,0.198,0.642,0.002,0.002,0.0,0.004,0.006
20180102_sample_4,ET,ET,0.484,0.124,0.484,0.352,0.004,0.014,0.0,0.014,0.008
20180102_sample_5,IT,IT,0.444,0.156,0.15,0.444,0.052,0.062,0.004,0.074,0.058
20180103_sample_1,ET,ET,0.388,0.196,0.388,0.156,0.028,0.106,0.004,0.064,0.058
20180103_sample_2,ET,ET,0.656,0.148,0.656,0.134,0.0,0.016,0.0,0.038,0.008
20180103_sample_3,ET,ET,0.288,0.236,0.288,0.134,0.01,0.096,0.004,0.222,0.01
20180103_sample_5,IT,IT,0.554,0.134,0.252,0.554,0.0,0.032,0.0,0.02,0.008
20180103_sample_6,IT,IT,0.972,0.016,0.012,0.972,0.0,0.0,0.0,0.0,0.0
20180103_sample_7,IT,CT,0.584,0.584,0.046,0.336,0.006,0.006,0.0,0.01,0.012
20180103_sample_8,IT,IT,0.806,0.182,0.012,0.806,0.0,0.0,0.0,0.0,0.0
20180104_sample_2,IT,IT,0.646,0.198,0.128,0.646,0.006,0.008,0.0,0.008,0.006
20180104_sample_3,IT,IT,0.954,0.016,0.028,0.954,0.0,0.0,0.0,0.002,0.0
20180104_sample_6,ET,ET,0.402,0.158,0.402,0.216,0.01,0.138,0.0,0.06,0.016
20180105_sample_4,IT,IT,0.948,0.042,0.01,0.948,0.0,0.0,0.0,0.0,0.0
20180105_sample_5,IT,IT,0.548,0.156,0.236,0.548,0.004,0.026,0.0,0.022,0.008
20180105_sample_6,IT,IT,0.914,0.06,0.024,0.914,0.0,0.0,0.0,0.002,0.0
20180108_sample_1,IT,IT,0.924,0.064,0.012,0.924,0.0,0.0,0.0,0.0,0.0
20180108_sample_3,IT,IT,0.514,0.116,0.068,0.514,0.036,0.172,0.0,0.028,0.066
20180108_sample_4,ET,ET,0.338,0.114,0.338,0.192,0.028,0.142,0.008,0.138,0.04
20180108_sample_5,ET,IT,0.518,0.104,0.35,0.518,0.002,0.014,0.0,0.01,0.002
20180108_sample_7,IT,IT,0.912,0.07,0.014,0.912,0.002,0.0,0.0,0.0,0.002
20180108_sample_8,ET,IT,0.388,0.378,0.18,0.388,0.0,0.012,0.0,0.036,0.006
20180108_sample_9,IT,IT,0.808,0.152,0.038,0.808,0.0,0.0,0.0,0.002,0.0
20180108_sample_10,ET,ET,0.666,0.062,0.666,0.024,0.008,0.16,0.0,0.074,0.006
20180109_sample_1,IT,IT,0.762,0.17,0.048,0.762,0.002,0.002,0.002,0.014,0.0
20180109_sample_2,IT,IT,0.562,0.216,0.164,0.562,0.004,0.022,0.0,0.026,0.006
20180109_sample_5,IT,IT,0.898,0.074,0.016,0.898,0.0,0.0,0.0,0.004,0.008
20180110_sample_1,IT,IT,0.984,0.008,0.008,0.984,0.0,0.0,0.0,0.0,0.0
20180110_sample_2,IT,IT,0.942,0.036,0.012,0.942,0.002,0.002,0.0,0.006,0.0
20180110_sample_3,IT,IT,0.78,0.166,0.036,0.78,0.002,0.004,0.0,0.004,0.008
20180110_sample_4,IT,IT,0.532,0.236,0.15,0.532,0.008,0.046,0.0,0.02,0.008
20180110_sample_5,IT,IT,0.954,0.034,0.01,0.954,0.0,0.0,0.0,0.002,0.0
20180110_sample_7,IT,IT,0.984,0.012,0.004,0.984,0.0,0.0,0.0,0.0,0.0
20180110_sample_8,ET,ET,0.586,0.082,0.586,0.142,0.01,0.086,0.002,0.08,0.012
20180111_sample_5,IT,IT,0.732,0.25,0.014,0.732,0.002,0.0,0.0,0.0,0.002
20180115_sample_2,IT,IT,0.492,0.178,0.152,0.492,0.01,0.094,0.0,0.048,0.026
20180115_sample_5,IT,IT,0.902,0.066,0.026,0.902,0.0,0.0,0.0,0.004,0.002
20180115_sample_7,IT,IT,0.904,0.052,0.04,0.904,0.0,0.0,0.0,0.002,0.002
20180115_sample_8,IT,IT,0.964,0.026,0.008,0.964,0.002,0.0,0.0,0.0,0.0
20180115_sample_9,IT,IT,0.826,0.136,0.028,0.826,0.002,0.0,0.0,0.0,0.008
20180118_sample_1,IT,IT,0.484,0.424,0.082,0.484,0.0,0.002,0.0,0.004,0.004
20180118_sample_2,IT,IT,0.706,0.178,0.104,0.706,0.002,0.004,0.0,0.004,0.002
20180118_sample_4,IT,IT,0.708,0.21,0.076,0.708,0.0,0.002,0.0,0.0,0.004
20180118_sample_6,IT,IT,0.764,0.094,0.14,0.764,0.0,0.0,0.0,0.002,0.0
20180118_sample_7,ET,ET,0.616,0.104,0.616,0.17,0.002,0.064,0.0,0.04,0.004
20180118_sample_10,ET,IT,0.402,0.162,0.342,0.402,0.006,0.036,0.0,0.038,0.014
20180123_sample_1,ET,ET,0.686,0.07,0.686,0.208,0.002,0.016,0.0,0.014,0.004
20180123_sample_3,ET,ET,0.692,0.142,0.692,0.074,0.0,0.058,0.0,0.032,0.002
20180123_sample_5,ET,ET,0.384,0.074,0.384,0.078,0.006,0.262,0.002,0.182,0.012
20180123_sample_6,ET,ET,0.622,0.152,0.622,0.188,0.0,0.014,0.0,0.02,0.004
20180123_sample_7,ET,ET,0.342,0.064,0.342,0.064,0.016,0.196,0.004,0.286,0.028
20180208_sample_2,ET,ET,0.658,0.06,0.658,0.13,0.002,0.076,0.002,0.064,0.008
20180208_sample_3,ET,ET,0.532,0.098,0.532,0.084,0.006,0.13,0.0,0.136,0.014
20180208_sample_4,IT,IT,0.776,0.158,0.062,0.776,0.0,0.0,0.0,0.002,0.002
20180208_sample_5,IT,IT,0.858,0.104,0.028,0.858,0.0,0.002,0.0,0.002,0.006
20180213_sample_3,ET,IT,0.568,0.17,0.25,0.568,0.006,0.0,0.0,0.006,0.0
20180213_sample_5,Pvalb,Pvalb,0.914,0.0,0.002,0.0,0.018,0.914,0.002,0.062,0.002
20180215_sample_1,Pvalb,Pvalb,0.604,0.0,0.0,0.0,0.172,0.604,0.006,0.166,0.052
20180220_sample_1,Sst,Sst,0.694,0.022,0.01,0.018,0.038,0.14,0.004,0.694,0.074
20180220_sample_2,IT,CT,0.308,0.308,0.304,0.24,0.004,0.036,0.0,0.096,0.012
20180225_sample_1,IT,IT,0.974,0.022,0.002,0.974,0.0,0.002,0.0,0.0,0.0
20180225_sample_2,IT,IT,0.916,0.078,0.002,0.916,0.0,0.0,0.0,0.004,0.0
20180225_sample_3,IT,IT,0.606,0.254,0.112,0.606,0.002,0.008,0.0,0.008,0.01
20180225_sample_4,IT,IT,0.942,0.032,0.02,0.942,0.0,0.0,0.0,0.002,0.004
20180225_sample_5,ET,CT,0.426,0.426,0.188,0.164,0.008,0.056,0.0,0.138,0.02
20180225_sample_7,Pvalb,Pvalb,0.954,0.0,0.0,0.0,0.004,0.954,0.0,0.04,0.002
20180228_sample_3,IT,IT,0.774,0.166,0.026,0.774,0.004,0.004,0.002,0.016,0.008
20180306_sample_1,Pvalb,Pvalb,0.672,0.006,0.004,0.004,0.102,0.672,0.006,0.178,0.028
20180306_sample_2,IT,IT,0.956,0.03,0.008,0.956,0.002,0.002,0.0,0.0,0.002
20180306_sample_3,IT,IT,0.53,0.35,0.07,0.53,0.008,0.01,0.0,0.024,0.008
20180306_sample_5,IT,IT,0.922,0.07,0.008,0.922,0.0,0.0,0.0,0.0,0.0
20180309_sample_4,IT,IT,0.532,0.302,0.104,0.532,0.008,0.012,0.0,0.028,0.014
20180309_sample_6,IT,IT,0.424,0.282,0.276,0.424,0.0,0.008,0.0,0.008,0.002
20180309_sample_7,IT,IT,0.746,0.186,0.054,0.746,0.0,0.002,0.0,0.006,0.006
20180309_sample_8,IT,CT,0.47,0.47,0.076,0.416,0.006,0.006,0.0,0.02,0.006
20180313_sample_2,ET,ET,0.668,0.068,0.668,0.2,0.002,0.034,0.004,0.016,0.008
20180313_sample_3,ET,ET,0.52,0.19,0.52,0.088,0.006,0.098,0.0,0.086,0.012
20180313_sample_7,IT,IT,0.958,0.024,0.014,0.958,0.0,0.0,0.0,0.002,0.002
20180313_sample_9,Pvalb,Pvalb,0.728,0.0,0.01,0.006,0.044,0.728,0.0,0.184,0.028
20180315_sample_1,ET,ET,0.376,0.134,0.376,0.362,0.014,0.044,0.002,0.046,0.022
20180315_sample_5,IT,IT,0.984,0.016,0.0,0.984,0.0,0.0,0.0,0.0,0.0
20180315_sample_6,IT,IT,0.728,0.188,0.038,0.728,0.004,0.014,0.0,0.016,0.012
20180321_sample_2,IT,CT,0.48,0.48,0.086,0.418,0.0,0.008,0.0,0.004,0.004
20180321_sample_3,IT,IT,0.448,0.22,0.27,0.448,0.01,0.018,0.0,0.026,0.008
20180321_sample_4,IT,IT,0.928,0.054,0.008,0.928,0.0,0.004,0.0,0.0,0.006
20180321_sample_8,ET,ET,0.508,0.108,0.508,0.112,0.004,0.128,0.0,0.12,0.02
20180321_sample_9,ET,ET,0.312,0.128,0.312,0.09,0.012,0.218,0.0,0.21,0.03
20180322_sample_1,IT,IT,0.986,0.014,0.0,0.986,0.0,0.0,0.0,0.0,0.0
20180322_sample_2,IT,IT,0.934,0.062,0.004,0.934,0.0,0.0,0.0,0.0,0.0
20180322_sample_3,IT,IT,0.702,0.048,0.236,0.702,0.0,0.01,0.0,0.004,0.0
20180322_sample_4,IT,IT,0.666,0.094,0.188,0.666,0.006,0.004,0.0,0.03,0.012
20180322_sample_5,IT,IT,0.772,0.132,0.09,0.772,0.002,0.002,0.0,0.002,0.0
20180322_sample_6,ET,ET,0.432,0.18,0.432,0.224,0.0,0.052,0.0,0.092,0.02
20180322_sample_7,ET,ET,0.71,0.038,0.71,0.174,0.002,0.026,0.004,0.044,0.002
20180327_sample_1,Pvalb,Pvalb,0.856,0.0,0.008,0.032,0.008,0.856,0.002,0.088,0.006
20180327_sample_2,Pvalb,Pvalb,0.75,0.01,0.094,0.09,0.004,0.75,0.002,0.046,0.004
20180327_sample_3,IT,IT,0.426,0.122,0.412,0.426,0.0,0.008,0.0,0.026,0.006
20180327_sample_4,Pvalb,Pvalb,0.948,0.0,0.004,0.002,0.0,0.948,0.0,0.046,0.0
20180327_sample_5,Pvalb,Pvalb,0.992,0.0,0.0,0.0,0.0,0.992,0.0,0.008,0.0
20180327_sample_6,IT,IT,0.938,0.018,0.04,0.938,0.0,0.002,0.0,0.002,0.0
20180329_sample_1,IT,IT,0.862,0.072,0.064,0.862,0.0,0.0,0.0,0.002,0.0
20180329_sample_2,IT,IT,0.556,0.328,0.034,0.556,0.008,0.024,0.002,0.026,0.022
20180329_sample_3,IT,IT,0.59,0.126,0.244,0.59,0.0,0.018,0.0,0.018,0.004
20180329_sample_4,ET,ET,0.568,0.028,0.568,0.062,0.006,0.188,0.0,0.14,0.008
20180329_sample_5,IT,IT,0.984,0.014,0.002,0.984,0.0,0.0,0.0,0.0,0.0
20180329_sample_6,IT,IT,0.918,0.05,0.03,0.918,0.0,0.0,0.0,0.002,0.0
20180329_sample_8,IT,IT,0.744,0.068,0.158,0.744,0.002,0.006,0.0,0.02,0.002
20180403_sample_5,IT,IT,0.784,0.136,0.076,0.784,0.002,0.002,0.0,0.0,0.0
20180403_sample_6,ET,ET,0.49,0.124,0.49,0.062,0.0,0.18,0.004,0.128,0.012
20180403_sample_7,IT,IT,0.802,0.088,0.106,0.802,0.0,0.004,0.0,0.0,0.0
20180404_sample_1,Pvalb,Pvalb,0.822,0.0,0.016,0.02,0.012,0.822,0.004,0.12,0.006
20180404_sample_2,Pvalb,Pvalb,0.344,0.09,0.17,0.154,0.072,0.344,0.006,0.106,0.058
20180404_sample_3,IT,IT,0.972,0.028,0.0,0.972,0.0,0.0,0.0,0.0,0.0
20180404_sample_4,Pvalb,Pvalb,0.686,0.002,0.0,0.0,0.054,0.686,0.002,0.238,0.018
20180404_sample_5,Pvalb,Pvalb,0.656,0.0,0.022,0.002,0.008,0.656,0.0,0.286,0.026
20180404_sample_7,IT,IT,0.684,0.2,0.062,0.684,0.004,0.018,0.0,0.02,0.012
20180405_sample_1,ET,IT,0.476,0.354,0.142,0.476,0.002,0.006,0.0,0.018,0.002
20180405_sample_2,IT,IT,0.688,0.204,0.098,0.688,0.0,0.002,0.0,0.006,0.002
20180405_sample_3,IT,IT,0.96,0.024,0.012,0.96,0.0,0.0,0.0,0.002,0.002
20180410_sample_1,Pvalb,Pvalb,0.974,0.0,0.0,0.004,0.004,0.974,0.0,0.016,0.002
20180410_sample_3,IT,IT,0.694,0.24,0.058,0.694,0.0,0.0,0.0,0.006,0.002
20180410_sample_4,IT,IT,0.974,0.02,0.006,0.974,0.0,0.0,0.0,0.0,0.0
20180410_sample_5,IT,IT,0.99,0.01,0.0,0.99,0.0,0.0,0.0,0.0,0.0
20180410_sample_6,IT,IT,0.878,0.074,0.04,0.878,0.0,0.002,0.0,0.004,0.002
20180410_sample_9,Pvalb,Pvalb,0.982,0.0,0.0,0.002,0.0,0.982,0.0,0.016,0.0
20180411_sample_1,IT,IT,0.942,0.044,0.002,0.942,0.0,0.008,0.002,0.0,0.002
20180411_sample_3,IT,IT,0.982,0.016,0.002,0.982,0.0,0.0,0.0,0.0,0.0
20180411_sample_4,Pvalb,Pvalb,0.406,0.038,0.184,0.05,0.088,0.406,0.008,0.176,0.05
20180411_sample_5,Pvalb,Pvalb,0.974,0.0,0.0,0.004,0.0,0.974,0.0,0.02,0.002
20180412_sample_1,IT,IT,0.558,0.322,0.068,0.558,0.004,0.02,0.0,0.014,0.014
20180412_sample_2,Pvalb,Pvalb,0.988,0.002,0.0,0.0,0.002,0.988,0.0,0.008,0.0
20180412_sample_3,IT,IT,0.82,0.172,0.006,0.82,0.0,0.0,0.0,0.002,0.0
20180412_sample_4,IT,IT,0.972,0.026,0.002,0.972,0.0,0.0,0.0,0.0,0.0
20180412_sample_7,IT,IT,0.552,0.166,0.164,0.552,0.024,0.032,0.002,0.036,0.024
20180413_sample_2,Pvalb,Pvalb,0.574,0.0,0.006,0.002,0.006,0.574,0.004,0.404,0.004
20180413_sample_3,Pvalb,Pvalb,0.794,0.002,0.004,0.012,0.0,0.794,0.0,0.188,0.0
20180413_sample_4,IT,IT,0.936,0.058,0.004,0.936,0.0,0.0,0.0,0.0,0.002
20180417_sample_1,Vip,Vip,0.656,0.0,0.0,0.0,0.138,0.008,0.132,0.066,0.656
20180417_sample_2,Pvalb,Pvalb,0.914,0.0,0.018,0.026,0.0,0.914,0.0,0.038,0.004
20180417_sample_3,IT,IT,0.828,0.154,0.014,0.828,0.0,0.0,0.0,0.002,0.002
20180417_sample_4,Pvalb,Pvalb,0.892,0.0,0.0,0.002,0.004,0.892,0.0,0.096,0.006
20180417_sample_5,IT,IT,0.758,0.146,0.06,0.758,0.002,0.022,0.0,0.008,0.004
20180417_sample_6,IT,CT,0.47,0.47,0.06,0.342,0.036,0.018,0.004,0.03,0.04
20180417_sample_7,Pvalb,Pvalb,0.988,0.002,0.0,0.0,0.0,0.988,0.0,0.01,0.0
20180417_sample_8,Sst,Sst,0.732,0.0,0.002,0.002,0.066,0.088,0.014,0.732,0.096
20180417_sample_9,IT,IT,0.998,0.002,0.0,0.998,0.0,0.0,0.0,0.0,0.0
20180418_sample_1,Pvalb,Pvalb,0.642,0.002,0.0,0.002,0.092,0.642,0.014,0.192,0.056
20180418_sample_2,Pvalb,Pvalb,0.854,0.0,0.002,0.0,0.022,0.854,0.0,0.102,0.02
20180418_sample_3,Pvalb,Pvalb,0.934,0.002,0.0,0.0,0.008,0.934,0.0,0.054,0.002
20180418_sample_5,IT,IT,0.586,0.16,0.218,0.586,0.002,0.012,0.0,0.016,0.006
20180418_sample_6,IT,IT,0.926,0.06,0.01,0.926,0.0,0.0,0.0,0.002,0.002
20180420_sample_3,IT,IT,0.268,0.254,0.15,0.268,0.028,0.108,0.004,0.146,0.042
20180420_sample_4,IT,CT,0.434,0.434,0.064,0.362,0.016,0.032,0.0,0.068,0.024
20180424_sample_1,IT,IT,0.738,0.176,0.048,0.738,0.002,0.004,0.0,0.02,0.012
20180424_sample_2,IT,IT,0.836,0.116,0.036,0.836,0.0,0.002,0.002,0.006,0.002
20180424_sample_3,IT,IT,0.99,0.01,0.0,0.99,0.0,0.0,0.0,0.0,0.0
20180424_sample_6,IT,IT,0.982,0.014,0.0,0.982,0.002,0.002,0.0,0.0,0.0
20180425_sample_2,IT,IT,0.898,0.09,0.01,0.898,0.0,0.0,0.0,0.002,0.0
20180425_sample_3,Pvalb,Pvalb,0.474,0.014,0.038,0.002,0.024,0.474,0.0,0.412,0.036
20180425_sample_4,IT,IT,0.856,0.102,0.036,0.856,0.0,0.0,0.0,0.006,0.0
20180425_sample_5,Sncg,Vip,0.638,0.006,0.002,0.0,0.092,0.02,0.1,0.142,0.638
20180425_sample_7,Pvalb,Pvalb,0.766,0.002,0.004,0.002,0.094,0.766,0.004,0.096,0.032
20180425_sample_8,Vip,Vip,0.68,0.026,0.01,0.018,0.072,0.0,0.054,0.14,0.68
20180425_sample_9,IT,IT,0.514,0.146,0.05,0.514,0.02,0.202,0.0,0.008,0.06
20180426_sample_1,ET,ET,0.346,0.166,0.346,0.182,0.01,0.132,0.006,0.076,0.082
20180426_sample_3,IT,IT,0.958,0.032,0.006,0.958,0.0,0.002,0.0,0.0,0.002
20180426_sample_4,IT,IT,0.972,0.014,0.01,0.972,0.0,0.0,0.0,0.002,0.002
20180426_sample_5,Pvalb,Pvalb,0.554,0.03,0.01,0.016,0.078,0.554,0.022,0.21,0.08
20180426_sample_7,IT,IT,0.902,0.056,0.03,0.902,0.002,0.002,0.0,0.006,0.002
20180426_sample_9,Pvalb,Sst,0.278,0.008,0.006,0.004,0.192,0.234,0.036,0.278,0.242
20180501_sample_2,IT,IT,0.772,0.198,0.016,0.772,0.0,0.002,0.0,0.008,0.004
20180501_sample_3,IT,IT,0.966,0.02,0.01,0.966,0.0,0.0,0.0,0.002,0.002
20180501_sample_4,IT,IT,0.964,0.018,0.012,0.964,0.002,0.0,0.0,0.002,0.002
20180501_sample_5,IT,IT,0.466,0.184,0.148,0.466,0.018,0.05,0.002,0.092,0.04
20180501_sample_8,Lamp5,Lamp5,0.694,0.002,0.0,0.002,0.694,0.064,0.036,0.042,0.16
20180502_sample_3,IT,IT,0.984,0.012,0.004,0.984,0.0,0.0,0.0,0.0,0.0
20180502_sample_4,IT,IT,0.892,0.09,0.006,0.892,0.004,0.004,0.0,0.002,0.002
20180508_sample_1,Pvalb,Pvalb,0.78,0.002,0.008,0.002,0.02,0.78,0.004,0.172,0.012
20180508_sample_2,IT,CT,0.314,0.314,0.07,0.244,0.046,0.082,0.002,0.178,0.064
20180508_sample_3,IT,IT,0.892,0.096,0.008,0.892,0.0,0.0,0.002,0.0,0.002
20180508_sample_4,IT,IT,0.632,0.288,0.044,0.632,0.0,0.014,0.0,0.012,0.01
20180509_sample_2,IT,IT,0.994,0.002,0.004,0.994,0.0,0.0,0.0,0.0,0.0
20180509_sample_3,IT,IT,0.898,0.078,0.018,0.898,0.0,0.0,0.0,0.002,0.004
20180509_sample_4,IT,IT,0.594,0.196,0.12,0.594,0.004,0.028,0.002,0.044,0.012
20180509_sample_5,IT,IT,0.942,0.032,0.022,0.942,0.002,0.0,0.0,0.0,0.002
20180509_sample_7,IT,IT,0.954,0.018,0.026,0.954,0.0,0.0,0.0,0.002,0.0
20180509_sample_9,IT,IT,0.89,0.104,0.004,0.89,0.0,0.0,0.0,0.002,0.0
20180510_sample_2,Pvalb,Pvalb,0.96,0.004,0.008,0.002,0.0,0.96,0.0,0.024,0.002
20180510_sample_3,IT,IT,0.704,0.258,0.012,0.704,0.002,0.008,0.002,0.006,0.008
20180510_sample_4,IT,IT,0.998,0.0,0.0,0.998,0.0,0.002,0.0,0.0,0.0
20180510_sample_5,IT,IT,0.786,0.068,0.142,0.786,0.0,0.002,0.0,0.0,0.002
20180510_sample_9,IT,IT,0.912,0.07,0.016,0.912,0.0,0.0,0.0,0.0,0.002
20180515_sample_1,Pvalb,Pvalb,0.75,0.002,0.008,0.006,0.018,0.75,0.0,0.196,0.02
20180515_sample_6,Pvalb,Sst,0.45,0.022,0.026,0.008,0.018,0.366,0.002,0.45,0.108
20180522_sample_1,IT,IT,0.858,0.078,0.048,0.858,0.002,0.004,0.0,0.006,0.004
20180522_sample_2,IT,IT,0.914,0.074,0.01,0.914,0.002,0.0,0.0,0.0,0.0
20180522_sample_3,IT,IT,0.858,0.1,0.032,0.858,0.002,0.002,0.0,0.002,0.004
20180522_sample_4,IT,IT,0.864,0.098,0.02,0.864,0.002,0.006,0.0,0.002,0.008
20180522_sample_5,Pvalb,Pvalb,0.872,0.0,0.004,0.002,0.022,0.872,0.0,0.086,0.014
20180522_sample_6,ET,IT,0.354,0.162,0.272,0.354,0.044,0.078,0.002,0.05,0.038
20180522_sample_7,IT,IT,0.746,0.162,0.078,0.746,0.004,0.004,0.0,0.002,0.004
20180524_sample_8,IT,IT,0.824,0.124,0.034,0.824,0.002,0.006,0.0,0.006,0.004
20180524_sample_9,Pvalb,Sst,0.44,0.026,0.016,0.018,0.024,0.428,0.0,0.44,0.048
20180529_sample_3,IT,IT,0.914,0.058,0.022,0.914,0.0,0.002,0.0,0.004,0.0
20180608_sample_1,Lamp5,Lamp5,0.426,0.0,0.004,0.0,0.426,0.34,0.012,0.112,0.106
20180608_sample_2,Pvalb,Pvalb,0.768,0.018,0.042,0.002,0.006,0.768,0.0,0.164,0.0
20180608_sample_3,IT,CT,0.52,0.52,0.046,0.25,0.016,0.076,0.0,0.042,0.05
20180608_sample_5,Pvalb,Pvalb,0.904,0.0,0.006,0.02,0.006,0.904,0.0,0.052,0.012
20180619_sample_3,Pvalb,Pvalb,0.444,0.004,0.004,0.004,0.078,0.444,0.006,0.398,0.062
20180619_sample_5,IT,IT,0.968,0.026,0.006,0.968,0.0,0.0,0.0,0.0,0.0
20180619_sample_7,Lamp5,Sst,0.262,0.032,0.016,0.018,0.256,0.176,0.038,0.262,0.202
20180621_sample_1,IT,IT,0.83,0.154,0.012,0.83,0.0,0.002,0.0,0.002,0.0
20180621_sample_2,IT,IT,0.878,0.094,0.01,0.878,0.0,0.008,0.0,0.008,0.002
20180621_sample_3,Sncg,Vip,0.574,0.006,0.002,0.0,0.126,0.018,0.116,0.158,0.574
20180621_sample_4,IT,IT,1.0,0.0,0.0,1.0,0.0,0.0,0.0,0.0,0.0
20180621_sample_5,Vip,Vip,0.576,0.002,0.004,0.0,0.224,0.046,0.056,0.092,0.576
20180621_sample_7,Pvalb,Pvalb,0.968,0.002,0.0,0.0,0.006,0.968,0.0,0.022,0.002
20180621_sample_8,Pvalb,Pvalb,0.79,0.0,0.0,0.0,0.066,0.79,0.0,0.138,0.006
20180628_sample_2,Pvalb,Pvalb,0.386,0.074,0.06,0.028,0.034,0.386,0.006,0.316,0.096
20180628_sample_3,Pvalb,Pvalb,0.798,0.002,0.002,0.002,0.036,0.798,0.0,0.126,0.034
20180628_sample_6,Pvalb,Pvalb,0.828,0.002,0.002,0.0,0.034,0.828,0.0,0.114,0.02
20180628_sample_7,Lamp5,Vip,0.416,0.004,0.0,0.0,0.266,0.058,0.086,0.17,0.416
20180703_sample_1,Pvalb,Lamp5,0.368,0.004,0.006,0.0,0.368,0.326,0.012,0.19,0.094
20180703_sample_2,IT,IT,0.916,0.046,0.03,0.916,0.004,0.002,0.0,0.002,0.0
20180704_sample_1,Pvalb,Pvalb,0.616,0.002,0.016,0.002,0.006,0.616,0.0,0.338,0.02
20180704_sample_2,Pvalb,Pvalb,0.966,0.002,0.0,0.006,0.004,0.966,0.0,0.022,0.0
20180704_sample_3,Pvalb,Pvalb,0.366,0.108,0.158,0.056,0.062,0.366,0.012,0.188,0.05
20180704_sample_4,IT,IT,0.74,0.21,0.01,0.74,0.006,0.002,0.0,0.024,0.008
20180704_sample_5,Pvalb,Pvalb,0.816,0.002,0.004,0.0,0.016,0.816,0.002,0.144,0.016
20180705_sample_1,Pvalb,Pvalb,0.768,0.002,0.002,0.002,0.09,0.768,0.002,0.106,0.028
20180705_sample_4,Pvalb,Pvalb,0.98,0.0,0.0,0.0,0.0,0.98,0.0,0.02,0.0
20180709_sample_2,IT,IT,0.996,0.004,0.0,0.996,0.0,0.0,0.0,0.0,0.0
20180709_sample_3,Lamp5,Lamp5,0.706,0.004,0.0,0.0,0.706,0.13,0.02,0.05,0.09
20180709_sample_4,IT,IT,0.998,0.002,0.0,0.998,0.0,0.0,0.0,0.0,0.0
20180709_sample_6,IT,IT,0.796,0.104,0.072,0.796,0.008,0.006,0.002,0.006,0.006
20180710_sample_1,Pvalb,Pvalb,0.398,0.106,0.036,0.208,0.042,0.398,0.0,0.08,0.13
20180710_sample_2,Pvalb,Pvalb,0.9,0.002,0.0,0.0,0.014,0.9,0.0,0.078,0.006
20180710_sample_3,Pvalb,Pvalb,0.748,0.0,0.01,0.024,0.022,0.748,0.002,0.164,0.03
20180710_sample_5,Pvalb,Pvalb,0.962,0.0,0.0,0.002,0.002,0.962,0.0,0.034,0.0
20180711_sample_1,Pvalb,Pvalb,0.584,0.004,0.004,0.0,0.112,0.584,0.008,0.234,0.054
20180711_sample_2,Sst,Sst,0.656,0.012,0.002,0.0,0.048,0.062,0.022,0.656,0.198
20180711_sample_3,Sst,Sst,0.89,0.0,0.002,0.0,0.02,0.01,0.018,0.89,0.06
20180711_sample_4,Sst,Sst,0.806,0.002,0.002,0.0,0.016,0.012,0.014,0.806,0.148
20180712_sample_3,Sncg,Vip,0.668,0.0,0.0,0.0,0.182,0.008,0.068,0.074,0.668
20180712_sample_5,Pvalb,Pvalb,0.288,0.008,0.006,0.002,0.286,0.288,0.004,0.254,0.152
20180712_sample_11,Pvalb,Pvalb,0.744,0.004,0.008,0.006,0.018,0.744,0.0,0.192,0.028
20180712_sample_12,Pvalb,Pvalb,0.964,0.0,0.0,0.0,0.0,0.964,0.002,0.034,0.0
20180712_sample_13,IT,IT,0.958,0.038,0.004,0.958,0.0,0.0,0.0,0.0,0.0
20180712_sample_14,Pvalb,Pvalb,0.838,0.0,0.0,0.0,0.006,0.838,0.0,0.15,0.006
20180712_sample_15,Pvalb,Pvalb,0.99,0.0,0.0,0.0,0.002,0.99,0.0,0.008,0.0
20180717_sample_1,Pvalb,Pvalb,0.698,0.002,0.01,0.002,0.004,0.698,0.0,0.274,0.01
20180717_sample_2,Lamp5,Sst,0.464,0.008,0.006,0.0,0.086,0.064,0.058,0.464,0.314
20180717_sample_3,Pvalb,Pvalb,0.886,0.0,0.002,0.0,0.006,0.886,0.0,0.098,0.008
20180717_sample_4,Pvalb,Pvalb,0.916,0.0,0.002,0.0,0.006,0.916,0.0,0.076,0.0
20180717_sample_6,Pvalb,Pvalb,0.808,0.002,0.012,0.0,0.008,0.808,0.002,0.162,0.006
20180717_sample_7,ET,IT,0.584,0.12,0.284,0.584,0.006,0.002,0.0,0.004,0.0
20180718_sample_2,Pvalb,Pvalb,0.82,0.002,0.0,0.0,0.04,0.82,0.002,0.13,0.006
20180718_sample_3,Pvalb,Pvalb,0.694,0.004,0.008,0.006,0.052,0.694,0.0,0.196,0.04
20180718_sample_4,Pvalb,Pvalb,0.73,0.002,0.006,0.002,0.018,0.73,0.0,0.212,0.03
20180719_sample_1,Pvalb,Pvalb,0.956,0.0,0.028,0.008,0.0,0.956,0.0,0.008,0.0
20180719_sample_4,Pvalb,Pvalb,0.928,0.0,0.006,0.002,0.0,0.928,0.0,0.064,0.0
20180720_sample_2,Sncg,Vip,0.686,0.0,0.0,0.0,0.13,0.02,0.07,0.094,0.686
20180720_sample_3,Pvalb,Pvalb,0.854,0.0,0.002,0.004,0.004,0.854,0.002,0.118,0.016
20180720_sample_5,Lamp5,Lamp5,0.568,0.0,0.002,0.002,0.568,0.242,0.02,0.112,0.054
20180725_sample_3,IT,IT,0.952,0.04,0.006,0.952,0.0,0.0,0.0,0.0,0.002
20180725_sample_6,Pvalb,Pvalb,0.532,0.002,0.008,0.0,0.26,0.532,0.006,0.128,0.064
20180725_sample_7,IT,IT,0.994,0.004,0.002,0.994,0.0,0.0,0.0,0.0,0.0
20180725_sample_9,Lamp5,Pvalb,0.188,0.12,0.048,0.17,0.136,0.188,0.014,0.158,0.166
20180726_sample_3,Pvalb,Pvalb,0.978,0.0,0.0,0.0,0.002,0.978,0.0,0.018,0.002
20180726_sample_4,Pvalb,Pvalb,0.912,0.002,0.0,0.0,0.014,0.912,0.002,0.064,0.006
20180726_sample_5,Pvalb,Pvalb,0.572,0.008,0.008,0.004,0.014,0.572,0.0,0.366,0.028
20180726_sample_6,Pvalb,Pvalb,0.544,0.008,0.04,0.004,0.06,0.544,0.006,0.29,0.048
20180726_sample_7,Pvalb,Pvalb,0.776,0.006,0.02,0.004,0.014,0.776,0.0,0.168,0.012
20180817_sample_2,Pvalb,Pvalb,0.84,0.002,0.01,0.014,0.004,0.84,0.0,0.122,0.008
20180817_sample_3,Pvalb,Pvalb,0.862,0.002,0.002,0.0,0.002,0.862,0.0,0.132,0.0
20180817_sample_4,Pvalb,Pvalb,0.654,0.0,0.002,0.0,0.224,0.654,0.014,0.064,0.042
20180817_sample_5,Pvalb,Pvalb,0.49,0.012,0.03,0.004,0.012,0.49,0.0,0.436,0.016
20180817_sample_6,IT,IT,0.92,0.036,0.034,0.92,0.0,0.004,0.0,0.006,0.0
20180817_sample_7,Pvalb,Pvalb,0.846,0.0,0.002,0.012,0.002,0.846,0.0,0.138,0.0
20180820_sample_1,Sst,Sst,0.812,0.002,0.0,0.0,0.038,0.104,0.002,0.812,0.042
20180820_sample_2,IT,IT,0.56,0.256,0.168,0.56,0.0,0.004,0.002,0.008,0.002
20180820_sample_3,Sst,Sst,0.798,0.004,0.006,0.0,0.044,0.03,0.016,0.798,0.102
20180820_sample_4,Sst,Sst,0.682,0.014,0.008,0.014,0.056,0.024,0.034,0.682,0.168
20180820_sample_5,Sst,Sst,0.476,0.032,0.032,0.008,0.022,0.396,0.002,0.476,0.032
20180820_sample_6,IT,IT,0.63,0.35,0.012,0.63,0.0,0.004,0.0,0.0,0.004
20180820_sample_7,Sst,Pvalb,0.576,0.0,0.0,0.006,0.104,0.576,0.006,0.27,0.038
20180822_sample_1,Pvalb,Pvalb,0.764,0.006,0.012,0.008,0.03,0.764,0.0,0.132,0.048
20180822_sample_2,Pvalb,Pvalb,0.956,0.0,0.004,0.0,0.0,0.956,0.0,0.04,0.0
20180822_sample_3,Pvalb,Pvalb,0.538,0.002,0.014,0.006,0.032,0.538,0.01,0.35,0.048
20180822_sample_4,Pvalb,Pvalb,0.576,0.004,0.038,0.024,0.014,0.576,0.0,0.308,0.036
20180822_sample_6,Pvalb,Pvalb,0.984,0.0,0.0,0.0,0.0,0.984,0.0,0.016,0.0
20180822_sample_7,Pvalb,Pvalb,0.984,0.0,0.0,0.0,0.002,0.984,0.0,0.014,0.0
20180828_sample_2,Pvalb,Pvalb,0.792,0.0,0.006,0.002,0.058,0.792,0.004,0.114,0.024
20180828_sample_3,Pvalb,Pvalb,0.886,0.002,0.002,0.0,0.002,0.886,0.006,0.084,0.018
20180828_sample_4,IT,IT,0.918,0.078,0.004,0.918,0.0,0.0,0.0,0.0,0.0
20180828_sample_5,Pvalb,Pvalb,0.81,0.0,0.022,0.004,0.0,0.81,0.0,0.162,0.002
20180828_sample_6,Pvalb,Pvalb,0.968,0.0,0.002,0.002,0.002,0.968,0.0,0.026,0.0
20180828_sample_8,IT,IT,0.94,0.046,0.01,0.94,0.0,0.0,0.0,0.002,0.002
20180829_sample_1,Sst,Sst,0.82,0.01,0.006,0.0,0.032,0.026,0.008,0.82,0.098
20180829_sample_2,Sst,Sst,0.786,0.0,0.006,0.0,0.052,0.026,0.026,0.786,0.104
20180829_sample_3,Sst,Vip,0.774,0.0,0.0,0.002,0.042,0.006,0.024,0.152,0.774
20180829_sample_4,Sst,Sst,0.8,0.004,0.0,0.0,0.012,0.0,0.02,0.8,0.164
20180829_sample_5,Sst,Pvalb,0.326,0.018,0.008,0.008,0.226,0.326,0.012,0.222,0.18
20180829_sample_6,Sst,Sst,0.848,0.0,0.004,0.002,0.014,0.05,0.006,0.848,0.076
20180829_sample_7,Sst,Sst,0.91,0.0,0.0,0.0,0.004,0.028,0.004,0.91,0.054
20180829_sample_8,IT,IT,0.958,0.028,0.008,0.958,0.0,0.0,0.0,0.004,0.002
20180830_sample_1,Pvalb,Sst,0.384,0.06,0.05,0.05,0.072,0.168,0.022,0.384,0.194
20180830_sample_2,Pvalb,Pvalb,0.874,0.002,0.0,0.004,0.004,0.874,0.0,0.11,0.006
20180830_sample_5,Pvalb,Pvalb,0.828,0.0,0.002,0.0,0.056,0.828,0.0,0.106,0.008
20180830_sample_6,Pvalb,Pvalb,0.882,0.0,0.01,0.012,0.008,0.882,0.002,0.074,0.012
20180904_sample_1,Pvalb,Pvalb,0.778,0.008,0.0,0.002,0.018,0.778,0.0,0.176,0.018
20180904_sample_2,Pvalb,Pvalb,0.95,0.0,0.0,0.008,0.0,0.95,0.0,0.038,0.004
20180904_sample_3,Pvalb,Pvalb,0.77,0.004,0.002,0.002,0.05,0.77,0.004,0.146,0.022
20180904_sample_4,Pvalb,Pvalb,0.908,0.002,0.0,0.0,0.022,0.908,0.002,0.058,0.008
20180904_sample_5,Pvalb,Pvalb,0.554,0.06,0.152,0.03,0.026,0.554,0.0,0.144,0.034
20180904_sample_6,Pvalb,Pvalb,0.886,0.0,0.002,0.0,0.014,0.886,0.0,0.09,0.008
20180904_sample_7,Pvalb,Pvalb,0.906,0.0,0.004,0.0,0.006,0.906,0.0,0.07,0.014
20180904_sample_9,Pvalb,Pvalb,0.902,0.002,0.0,0.002,0.014,0.902,0.002,0.07,0.008
20180905_sample_1,Sst,Sst,0.77,0.004,0.018,0.014,0.004,0.142,0.002,0.77,0.046
20180905_sample_2,Sst,Sst,0.872,0.014,0.008,0.002,0.006,0.086,0.004,0.872,0.008
20180910_sample_2,Sst,Sst,0.914,0.008,0.01,0.002,0.01,0.03,0.008,0.914,0.018
20180910_sample_3,Sst,Sst,0.868,0.002,0.006,0.002,0.008,0.006,0.004,0.868,0.104
20180911_sample_1,Sst,Sst,0.814,0.002,0.0,0.002,0.036,0.086,0.002,0.814,0.058
20180911_sample_2,Sst,Sst,0.606,0.002,0.01,0.0,0.006,0.348,0.002,0.606,0.026
20180911_sample_3,Sst,Sst,0.862,0.004,0.008,0.0,0.008,0.092,0.004,0.862,0.022
20180911_sample_5,Sst,Sst,0.26,0.172,0.04,0.112,0.054,0.092,0.044,0.26,0.226
20180911_sample_6,Sst,Sst,0.796,0.004,0.006,0.0,0.014,0.15,0.002,0.796,0.028
20180912_sample_2,Pvalb,Pvalb,0.944,0.0,0.002,0.0,0.006,0.944,0.002,0.04,0.006
20180912_sample_3,Pvalb,Pvalb,0.956,0.002,0.0,0.0,0.0,0.956,0.0,0.042,0.0
20180912_sample_6,Pvalb,Pvalb,0.896,0.0,0.002,0.0,0.014,0.896,0.002,0.084,0.002
20180917_sample_1,Sst,Sst,0.666,0.0,0.0,0.0,0.028,0.016,0.034,0.666,0.256
20180917_sample_2,Pvalb,Pvalb,0.87,0.004,0.012,0.004,0.006,0.87,0.0,0.098,0.006
20180917_sample_3,IT,IT,0.886,0.106,0.008,0.886,0.0,0.0,0.0,0.0,0.0
20180917_sample_4,Pvalb,Pvalb,0.73,0.002,0.006,0.002,0.0,0.73,0.0,0.244,0.016
20180917_sample_5,Sst,Sst,0.764,0.008,0.024,0.016,0.01,0.098,0.002,0.764,0.078
20180918_sample_1,Vip,Sst,0.468,0.016,0.004,0.002,0.064,0.044,0.078,0.468,0.324
20180918_sample_2,Vip,Sst,0.49,0.01,0.004,0.004,0.046,0.096,0.022,0.49,0.328
20180918_sample_3,Vip,Vip,0.632,0.0,0.0,0.0,0.01,0.008,0.052,0.298,0.632
20180920_sample_2,Pvalb,Pvalb,0.902,0.0,0.006,0.0,0.004,0.902,0.0,0.084,0.004
20180920_sample_3,Pvalb,Pvalb,0.916,0.004,0.01,0.018,0.0,0.916,0.0,0.052,0.0
20180920_sample_4,Pvalb,Pvalb,0.874,0.0,0.006,0.004,0.004,0.874,0.0,0.11,0.002
20180921_sample_2,Pvalb,Pvalb,0.996,0.0,0.0,0.0,0.0,0.996,0.0,0.004,0.0
20180921_sample_3,Pvalb,Pvalb,0.89,0.0,0.002,0.0,0.0,0.89,0.002,0.096,0.01
20180925_sample_9,Pvalb,Pvalb,0.868,0.002,0.012,0.0,0.016,0.868,0.002,0.086,0.014
20180926_sample_1,Pvalb,Pvalb,0.946,0.0,0.004,0.034,0.0,0.946,0.0,0.01,0.006
20180926_sample_3,Pvalb,Pvalb,0.632,0.008,0.036,0.022,0.036,0.632,0.0,0.234,0.032
20180926_sample_7,Pvalb,Pvalb,0.826,0.0,0.002,0.0,0.0,0.826,0.0,0.172,0.0
20180926_sample_9,IT,IT,0.982,0.014,0.002,0.982,0.0,0.0,0.0,0.0,0.002
20180927_sample_1,Pvalb,Pvalb,0.874,0.0,0.0,0.0,0.062,0.874,0.002,0.052,0.01
20180927_sample_2,Pvalb,Pvalb,0.98,0.0,0.0,0.002,0.0,0.98,0.0,0.012,0.006
20180927_sample_4,Pvalb,Pvalb,0.87,0.0,0.004,0.002,0.0,0.87,0.0,0.124,0.0
20180927_sample_5,Pvalb,Pvalb,0.934,0.0,0.002,0.0,0.006,0.934,0.0,0.05,0.008
20180927_sample_7,Pvalb,Pvalb,0.872,0.004,0.016,0.012,0.002,0.872,0.0,0.086,0.008
20180927_sample_9,IT,CT,0.512,0.512,0.042,0.402,0.0,0.01,0.0,0.024,0.01
20181002_sample_2,Pvalb,Pvalb,0.852,0.0,0.014,0.0,0.004,0.852,0.0,0.128,0.002
20181002_sample_3,Pvalb,Pvalb,0.838,0.002,0.0,0.004,0.07,0.838,0.008,0.058,0.02
20181002_sample_4,Pvalb,Sst,0.376,0.004,0.0,0.002,0.212,0.272,0.004,0.376,0.13
20181002_sample_5,Pvalb,Pvalb,0.966,0.0,0.0,0.0,0.0,0.966,0.0,0.034,0.0
20181002_sample_6,Pvalb,Pvalb,0.72,0.0,0.0,0.002,0.148,0.72,0.006,0.102,0.022
20181002_sample_7,IT,IT,0.948,0.042,0.004,0.948,0.002,0.002,0.0,0.0,0.002
20181002_sample_8,Pvalb,Pvalb,0.892,0.002,0.008,0.004,0.006,0.892,0.0,0.076,0.012
20181002_sample_9,Sst,Pvalb,0.94,0.0,0.004,0.002,0.0,0.94,0.0,0.054,0.0
20181002_sample_10,Pvalb,Pvalb,0.972,0.0,0.0,0.006,0.0,0.972,0.0,0.022,0.0
20181003_sample_2,Sst,Sst,0.488,0.112,0.136,0.094,0.026,0.044,0.016,0.488,0.084
20181003_sample_3,Sst,Sst,0.546,0.05,0.082,0.022,0.022,0.124,0.012,0.546,0.142
20181003_sample_4,Sst,Sst,0.806,0.0,0.0,0.0,0.042,0.13,0.0,0.806,0.022
20181003_sample_5,Sst,Sst,0.862,0.002,0.01,0.0,0.006,0.016,0.01,0.862,0.094
20181003_sample_6,Sst,Sst,0.748,0.004,0.006,0.002,0.028,0.072,0.014,0.748,0.126
20181003_sample_7,Sst,Sst,0.836,0.0,0.0,0.0,0.022,0.116,0.0,0.836,0.026
20181003_sample_8,Sst,Pvalb,0.4,0.012,0.018,0.022,0.062,0.4,0.0,0.38,0.106
20181003_sample_9,Sst,Pvalb,0.67,0.0,0.0,0.002,0.01,0.67,0.0,0.31,0.008
20181003_sample_10,Sst,Pvalb,0.638,0.0,0.008,0.002,0.002,0.638,0.0,0.346,0.004
20181004_sample_3,Sst,Pvalb,0.476,0.0,0.02,0.0,0.016,0.476,0.0,0.474,0.014
20181004_sample_5,Sst,Sst,0.714,0.0,0.008,0.0,0.002,0.27,0.0,0.714,0.006
20181004_sample_6,Sst,Sst,0.64,0.008,0.004,0.002,0.08,0.138,0.016,0.64,0.112
20181004_sample_8,Sst,Pvalb,0.876,0.004,0.008,0.0,0.002,0.876,0.0,0.104,0.006
20181009_sample_2,Sst,Sst,0.7,0.004,0.004,0.004,0.026,0.152,0.002,0.7,0.108
20181009_sample_3,Sst,Sst,0.586,0.0,0.002,0.004,0.074,0.024,0.048,0.586,0.262
20181009_sample_4,Sst,Sst,0.912,0.002,0.004,0.0,0.004,0.052,0.006,0.912,0.02
20181009_sample_5,Sst,Sst,0.704,0.0,0.0,0.006,0.048,0.078,0.01,0.704,0.154
20181009_sample_6,IT,IT,0.998,0.002,0.0,0.998,0.0,0.0,0.0,0.0,0.0
20181009_sample_7,Sst,Sst,0.716,0.004,0.022,0.006,0.032,0.162,0.004,0.716,0.054
20181010_sample_1,Sst,Pvalb,0.648,0.0,0.016,0.008,0.014,0.648,0.0,0.266,0.048
20181010_sample_3,Sst,Sst,0.812,0.002,0.002,0.0,0.008,0.042,0.004,0.812,0.13
20181010_sample_4,Sst,Sst,0.94,0.002,0.0,0.0,0.002,0.02,0.002,0.94,0.034
20181010_sample_5,IT,IT,0.978,0.022,0.0,0.978,0.0,0.0,0.0,0.0,0.0
20181010_sample_6,Sst,Sst,0.494,0.04,0.054,0.034,0.016,0.296,0.002,0.494,0.064
20181010_sample_8,Sst,Sst,0.78,0.008,0.026,0.002,0.01,0.076,0.01,0.78,0.088
20181010_sample_10,Sst,Sst,0.744,0.002,0.002,0.0,0.074,0.07,0.024,0.744,0.084
20181011_sample_3,Sst,Pvalb,0.584,0.008,0.012,0.002,0.022,0.584,0.002,0.346,0.024
20181011_sample_4,Sst,Sst,0.424,0.118,0.016,0.04,0.064,0.096,0.042,0.424,0.2
20181011_sample_8,Sst,Sst,0.664,0.0,0.006,0.004,0.022,0.24,0.0,0.664,0.064
20181011_sample_9,Sst,Sst,0.454,0.034,0.076,0.016,0.014,0.374,0.0,0.454,0.032
20181011_sample_10,Sst,Pvalb,0.84,0.0,0.0,0.002,0.0,0.84,0.002,0.146,0.01
20181109_sample_1,Sst,Sst,0.798,0.006,0.004,0.002,0.01,0.104,0.006,0.798,0.07
20181109_sample_2,Sst,Sst,0.624,0.012,0.046,0.006,0.014,0.232,0.004,0.624,0.062
20181109_sample_3,Sst,Sst,0.484,0.006,0.002,0.0,0.12,0.148,0.01,0.484,0.23
20181109_sample_5,Sst,Sst,0.724,0.006,0.012,0.002,0.058,0.096,0.014,0.724,0.088
20181109_sample_7,Sst,Sst,0.762,0.014,0.014,0.004,0.022,0.064,0.004,0.762,0.116
20181109_sample_8,Sst,Sst,0.816,0.004,0.004,0.004,0.022,0.052,0.012,0.816,0.086
20181109_sample_9,Sst,Sst,0.672,0.002,0.0,0.002,0.036,0.058,0.024,0.672,0.206
20181109_sample_10,Sst,Sst,0.688,0.01,0.016,0.006,0.022,0.218,0.002,0.688,0.038
20181112_sample_4,Sst,Sst,0.6,0.012,0.014,0.004,0.016,0.344,0.0,0.6,0.01
20181112_sample_6,Sst,Sst,0.82,0.004,0.006,0.004,0.03,0.072,0.012,0.82,0.052
20181112_sample_8,Sst,Sst,0.538,0.002,0.004,0.002,0.056,0.32,0.008,0.538,0.07
20181112_sample_11,Sst,Sst,0.764,0.0,0.006,0.0,0.022,0.172,0.004,0.764,0.032
20181114_sample_1,Pvalb,Sst,0.52,0.012,0.028,0.006,0.028,0.358,0.002,0.52,0.046
20181114_sample_2,Pvalb,Pvalb,0.662,0.0,0.026,0.0,0.022,0.662,0.0,0.258,0.032
20181114_sample_4,Pvalb,Sst,0.438,0.058,0.046,0.024,0.042,0.296,0.012,0.438,0.084
20181116_sample_2,Pvalb,Pvalb,0.984,0.0,0.0,0.004,0.0,0.984,0.0,0.012,0.0
20181116_sample_3,Pvalb,Pvalb,0.654,0.002,0.022,0.002,0.062,0.654,0.012,0.174,0.072
20181116_sample_4,Pvalb,Pvalb,0.892,0.0,0.004,0.0,0.054,0.892,0.0,0.044,0.006
20181116_sample_5,Pvalb,Pvalb,0.472,0.018,0.036,0.034,0.082,0.472,0.01,0.256,0.092
20181116_sample_12,Pvalb,Pvalb,0.91,0.0,0.006,0.03,0.006,0.91,0.0,0.04,0.008
20181121_sample_1,Sst,Sst,0.498,0.07,0.052,0.048,0.014,0.14,0.002,0.498,0.176
20181121_sample_2,Sst,Vip,0.442,0.022,0.008,0.0,0.162,0.11,0.09,0.166,0.442
20181121_sample_3,Pvalb,Pvalb,0.596,0.0,0.0,0.0,0.098,0.596,0.012,0.258,0.036
20181121_sample_5,Sst,Sst,0.624,0.002,0.008,0.0,0.062,0.212,0.012,0.624,0.08
20181121_sample_6,Sst,Pvalb,0.686,0.004,0.012,0.002,0.024,0.686,0.0,0.232,0.04
20181121_sample_7,Sst,Sst,0.6,0.124,0.08,0.048,0.02,0.042,0.008,0.6,0.078
20181126_sample_2,Sst,Sst,0.432,0.006,0.002,0.0,0.146,0.348,0.002,0.432,0.064
20181126_sample_6,Sst,Sst,0.828,0.014,0.016,0.0,0.014,0.064,0.012,0.828,0.052
20181127_sample_1,Sst,Sst,0.878,0.008,0.0,0.002,0.006,0.064,0.002,0.878,0.04
20181127_sample_3,Sst,Sst,0.568,0.002,0.006,0.002,0.044,0.046,0.016,0.568,0.316
20181127_sample_4,Sst,Sst,0.698,0.004,0.0,0.006,0.03,0.142,0.004,0.698,0.116
20181127_sample_5,Sst,Sst,0.402,0.038,0.012,0.028,0.132,0.14,0.016,0.402,0.232
20181127_sample_7,Sst,Sst,0.814,0.004,0.0,0.0,0.016,0.148,0.002,0.814,0.016
20181129_sample_1,Sst,Sst,0.55,0.026,0.044,0.014,0.026,0.266,0.008,0.55,0.066
20181129_sample_3,Sst,Sst,0.856,0.004,0.012,0.002,0.012,0.08,0.004,0.856,0.03
20181129_sample_4,Sst,Sst,0.636,0.018,0.01,0.01,0.022,0.114,0.004,0.636,0.186
20181129_sample_5,Sst,Sst,0.592,0.0,0.002,0.004,0.002,0.388,0.0,0.592,0.012
20181129_sample_6,Sst,Sst,0.65,0.006,0.004,0.002,0.1,0.118,0.008,0.65,0.112
20181203_sample_2,Sst,Sst,0.524,0.006,0.008,0.006,0.056,0.088,0.026,0.524,0.286
20181203_sample_3,Sst,Sst,0.906,0.006,0.006,0.0,0.012,0.04,0.01,0.906,0.02
20181203_sample_4,Sst,Sst,0.344,0.16,0.09,0.194,0.024,0.046,0.006,0.344,0.136
20181203_sample_5,Sst,Sst,0.408,0.0,0.004,0.0,0.09,0.048,0.054,0.408,0.396
20181203_sample_6,Pvalb,Sst,0.446,0.004,0.002,0.002,0.142,0.252,0.006,0.446,0.146
20181203_sample_7,Sst,Sst,0.77,0.03,0.036,0.028,0.022,0.044,0.006,0.77,0.064
20181203_sample_8,Sst,Sst,0.568,0.01,0.002,0.002,0.11,0.194,0.034,0.568,0.08
20181203_sample_9,Sst,Sst,0.724,0.01,0.01,0.002,0.008,0.024,0.012,0.724,0.21
20181205_sample_1,Sst,Sst,0.524,0.012,0.002,0.004,0.07,0.298,0.002,0.524,0.088
20181205_sample_2,Sst,Sst,0.728,0.008,0.03,0.002,0.016,0.14,0.008,0.728,0.068
20181207_sample_1,Pvalb,Pvalb,0.868,0.002,0.006,0.002,0.03,0.868,0.0,0.088,0.004
20181207_sample_2,Pvalb,Pvalb,0.67,0.012,0.032,0.01,0.008,0.67,0.004,0.236,0.028
20181207_sample_3,Pvalb,Pvalb,0.78,0.0,0.0,0.002,0.076,0.78,0.004,0.094,0.044
20181207_sample_4,Pvalb,Pvalb,0.794,0.004,0.0,0.002,0.102,0.794,0.006,0.062,0.03
20181207_sample_5,Pvalb,Pvalb,0.8,0.004,0.014,0.0,0.016,0.8,0.0,0.148,0.018
20181207_sample_7,Pvalb,Pvalb,0.584,0.006,0.008,0.012,0.096,0.584,0.0,0.258,0.036
20181208_sample_2,Sst,IT,0.296,0.192,0.068,0.296,0.038,0.144,0.002,0.11,0.15
20181208_sample_3,Sst,Vip,0.266,0.128,0.07,0.132,0.068,0.092,0.03,0.214,0.266
20181208_sample_4,Sst,Sst,0.58,0.004,0.008,0.006,0.03,0.182,0.002,0.58,0.188
20181208_sample_5,Sst,Vip,0.37,0.03,0.016,0.02,0.12,0.092,0.032,0.32,0.37
20181208_sample_6,Sst,Sst,0.774,0.0,0.0,0.0,0.016,0.162,0.006,0.774,0.042
20181208_sample_7,Sst,Sst,0.91,0.0,0.002,0.0,0.02,0.022,0.006,0.91,0.04
20181208_sample_8,Sst,Sst,0.834,0.008,0.01,0.002,0.024,0.108,0.004,0.834,0.01
20181208_sample_9,Sst,Sst,0.73,0.01,0.004,0.002,0.02,0.166,0.01,0.73,0.058
20181208_sample_10,Sst,Sst,0.846,0.0,0.0,0.002,0.008,0.12,0.006,0.846,0.018
20181211_sample_1,CT,IT,0.344,0.306,0.26,0.344,0.0,0.042,0.002,0.034,0.012
20181211_sample_2,Pvalb,Pvalb,0.444,0.0,0.002,0.0,0.092,0.444,0.008,0.428,0.026
20181211_sample_4,Pvalb,Pvalb,0.554,0.006,0.01,0.008,0.054,0.554,0.0,0.318,0.05
20181211_sample_6,Pvalb,Pvalb,0.792,0.0,0.008,0.002,0.008,0.792,0.002,0.174,0.014
20181211_sample_7,Pvalb,Pvalb,0.482,0.05,0.048,0.016,0.046,0.482,0.006,0.292,0.06
20181211_sample_8,Pvalb,Pvalb,0.51,0.002,0.01,0.0,0.094,0.51,0.004,0.334,0.046
20181211_sample_9,Pvalb,Pvalb,0.698,0.002,0.0,0.012,0.136,0.698,0.006,0.106,0.04
20181213_sample_1,Sst,Sst,0.508,0.008,0.006,0.0,0.102,0.26,0.004,0.508,0.112
20181213_sample_2,Sst,Sst,0.568,0.002,0.0,0.0,0.042,0.332,0.012,0.568,0.044
20181213_sample_3,Sst,Sst,0.874,0.0,0.0,0.0,0.016,0.062,0.008,0.874,0.04
20181213_sample_4,Sst,Sst,0.53,0.018,0.044,0.016,0.04,0.17,0.01,0.53,0.172
20181213_sample_5,IT,IT,0.788,0.164,0.044,0.788,0.0,0.0,0.0,0.004,0.0
20181213_sample_6,Sst,Sst,0.556,0.0,0.0,0.006,0.002,0.426,0.0,0.556,0.01
20181213_sample_7,Sst,Sst,0.358,0.01,0.004,0.0,0.248,0.208,0.038,0.358,0.134
20181214_sample_2,Sst,Sst,0.558,0.006,0.002,0.0,0.05,0.056,0.032,0.558,0.296
20190108_sample_1,Pvalb,Pvalb,0.996,0.0,0.0,0.0,0.0,0.996,0.0,0.004,0.0
20190108_sample_2,Vip,Vip,0.636,0.002,0.002,0.002,0.092,0.006,0.192,0.068,0.636
20190108_sample_3,IT,IT,0.346,0.296,0.094,0.346,0.018,0.012,0.008,0.14,0.086
20190108_sample_5,Vip,Sst,0.688,0.002,0.0,0.002,0.084,0.07,0.006,0.688,0.148
20190108_sample_6,Lamp5,Lamp5,0.756,0.0,0.0,0.0,0.756,0.048,0.02,0.048,0.128
20190109_sample_2,Sst,Sst,0.532,0.002,0.008,0.014,0.004,0.4,0.0,0.532,0.04
20190110_sample_1,Sst,Sst,0.572,0.008,0.016,0.004,0.018,0.324,0.0,0.572,0.058
20190110_sample_3,Sst,Sst,0.702,0.0,0.006,0.004,0.024,0.214,0.004,0.702,0.046
20190110_sample_4,Sst,Sst,0.646,0.002,0.016,0.0,0.042,0.182,0.016,0.646,0.096
20190110_sample_6,IT,IT,0.992,0.008,0.0,0.992,0.0,0.0,0.0,0.0,0.0
20190110_sample_7,IT,IT,0.846,0.094,0.022,0.846,0.002,0.024,0.0,0.004,0.008
20190117_sample_1,Vip,Sst,0.382,0.012,0.01,0.002,0.112,0.14,0.058,0.382,0.284
20190117_sample_2,IT,IT,0.988,0.006,0.006,0.988,0.0,0.0,0.0,0.0,0.0
20190117_sample_3,Sst,Sst,0.668,0.0,0.0,0.0,0.058,0.05,0.064,0.668,0.16
20190117_sample_4,IT,IT,0.866,0.066,0.06,0.866,0.004,0.002,0.0,0.002,0.0
20190117_sample_5,Sst,Sst,0.764,0.002,0.002,0.002,0.002,0.202,0.0,0.764,0.026
20190122_sample_1,Pvalb,Pvalb,0.898,0.012,0.03,0.0,0.0,0.898,0.0,0.058,0.002
20190122_sample_2,IT,IT,0.996,0.002,0.002,0.996,0.0,0.0,0.0,0.0,0.0
20190122_sample_3,Pvalb,Pvalb,0.87,0.0,0.008,0.016,0.002,0.87,0.0,0.074,0.03
20190122_sample_5,Pvalb,Pvalb,0.836,0.004,0.012,0.072,0.002,0.836,0.0,0.064,0.01
20190122_sample_6,IT,IT,0.962,0.032,0.006,0.962,0.0,0.0,0.0,0.0,0.0
20190122_sample_9,Pvalb,Pvalb,0.366,0.13,0.084,0.212,0.098,0.366,0.0,0.048,0.062
20190122_sample_10,Pvalb,Pvalb,0.318,0.112,0.156,0.072,0.094,0.318,0.008,0.15,0.09
20190122_sample_12,Pvalb,Pvalb,0.62,0.006,0.004,0.002,0.096,0.62,0.016,0.21,0.046
20190122_sample_13,Pvalb,Pvalb,0.91,0.0,0.012,0.0,0.002,0.91,0.0,0.074,0.002
20190122_sample_14,Pvalb,Pvalb,0.756,0.012,0.02,0.026,0.01,0.756,0.0,0.158,0.018
20190122_sample_16,Pvalb,Pvalb,0.738,0.0,0.002,0.002,0.118,0.738,0.004,0.12,0.016
20190122_sample_17,Pvalb,Pvalb,0.91,0.004,0.018,0.014,0.0,0.91,0.0,0.048,0.006
20190123_sample_5,Pvalb,Pvalb,0.96,0.0,0.0,0.006,0.0,0.96,0.0,0.034,0.0
20190123_sample_7,Pvalb,Pvalb,0.69,0.0,0.01,0.0,0.03,0.69,0.0,0.244,0.026
20190123_sample_8,Pvalb,Pvalb,0.994,0.0,0.002,0.002,0.0,0.994,0.0,0.002,0.0
20190124_sample_4,Pvalb,Pvalb,0.504,0.006,0.026,0.01,0.088,0.504,0.016,0.268,0.082
20190128_sample_2,Pvalb,Pvalb,0.844,0.0,0.0,0.0,0.004,0.844,0.0,0.152,0.0
20190128_sample_4,Pvalb,Pvalb,0.766,0.01,0.018,0.002,0.038,0.766,0.0,0.148,0.018
20190128_sample_6,Lamp5,Vip,0.352,0.002,0.0,0.0,0.286,0.09,0.088,0.182,0.352
20190128_sample_7,Pvalb,Pvalb,0.724,0.006,0.026,0.038,0.004,0.724,0.0,0.192,0.01
20190128_sample_11,Pvalb,Vip,0.312,0.018,0.014,0.01,0.14,0.274,0.01,0.222,0.312
20190128_sample_12,Pvalb,Pvalb,0.92,0.0,0.006,0.0,0.026,0.92,0.0,0.048,0.0
20190130_sample_3,Lamp5,Lamp5,0.642,0.0,0.0,0.0,0.642,0.104,0.022,0.118,0.114
20190130_sample_6,Pvalb,Pvalb,0.828,0.002,0.012,0.012,0.016,0.828,0.002,0.12,0.008
20190130_sample_8,CT,IT,0.892,0.086,0.016,0.892,0.0,0.004,0.0,0.002,0.0
20190130_sample_9,Sst,Sst,0.66,0.008,0.02,0.002,0.02,0.124,0.002,0.66,0.164
20190130_sample_10,Sst,Vip,0.336,0.0,0.0,0.0,0.326,0.042,0.12,0.176,0.336
20190130_sample_15,Pvalb,Pvalb,0.932,0.002,0.004,0.016,0.0,0.932,0.0,0.044,0.002
20190130_sample_17,Sst,Sst,0.8,0.002,0.002,0.0,0.056,0.088,0.002,0.8,0.05
20190130_sample_18,Sst,Sst,0.372,0.01,0.008,0.006,0.06,0.348,0.032,0.372,0.164
20190131_sample_1,Sst,Sst,0.842,0.0,0.002,0.004,0.01,0.064,0.004,0.842,0.074
20190131_sample_3,Pvalb,Pvalb,0.322,0.124,0.192,0.066,0.038,0.322,0.004,0.212,0.042
20190131_sample_4,Sst,Sst,0.928,0.0,0.002,0.0,0.004,0.052,0.0,0.928,0.014
20190131_sample_5,Sst,Pvalb,0.746,0.0,0.002,0.0,0.002,0.746,0.0,0.248,0.002
20190131_sample_6,Sst,Sst,0.506,0.006,0.006,0.008,0.058,0.334,0.0,0.506,0.082
20190131_sample_10,Sst,Sst,0.678,0.002,0.0,0.0,0.04,0.16,0.008,0.678,0.112
20190201_sample_2,Pvalb,Pvalb,0.714,0.006,0.02,0.002,0.01,0.714,0.0,0.226,0.022
20190201_sample_3,Pvalb,Pvalb,0.964,0.0,0.0,0.002,0.006,0.964,0.0,0.024,0.004
20190201_sample_4,Pvalb,Pvalb,0.896,0.0,0.002,0.002,0.004,0.896,0.0,0.096,0.0
20190201_sample_7,Pvalb,Pvalb,0.456,0.006,0.008,0.008,0.112,0.456,0.004,0.324,0.082
20190201_sample_8,Pvalb,Pvalb,0.838,0.004,0.006,0.01,0.012,0.838,0.004,0.108,0.018
20190201_sample_10,Pvalb,Pvalb,0.598,0.006,0.01,0.008,0.03,0.598,0.0,0.32,0.028
20190204_sample_1,Sst,Sst,0.566,0.02,0.046,0.016,0.012,0.28,0.0,0.566,0.06
20190204_sample_2,CT,IT,0.64,0.27,0.024,0.64,0.008,0.012,0.0,0.046,0.0
20190204_sample_4,Sst,Sst,0.752,0.002,0.002,0.0,0.036,0.09,0.002,0.752,0.116
20190204_sample_5,Sst,Sst,0.766,0.004,0.002,0.0,0.034,0.042,0.036,0.766,0.116
20190204_sample_6,Sst,Sst,0.858,0.008,0.004,0.002,0.016,0.04,0.016,0.858,0.056
20190204_sample_7,Pvalb,Pvalb,0.83,0.002,0.0,0.002,0.014,0.83,0.0,0.15,0.002
20190204_sample_8,Pvalb,Pvalb,0.936,0.0,0.004,0.018,0.002,0.936,0.0,0.032,0.008
20190204_sample_9,Pvalb,Pvalb,0.958,0.0,0.0,0.002,0.0,0.958,0.0,0.038,0.002
20190204_sample_10,Pvalb,Pvalb,0.888,0.002,0.002,0.004,0.006,0.888,0.0,0.096,0.002
20190204_sample_11,Sst,Sst,0.452,0.006,0.01,0.008,0.038,0.448,0.004,0.452,0.034
20190204_sample_14,Sst,Sst,0.54,0.0,0.004,0.0,0.022,0.386,0.014,0.54,0.034
20190204_sample_15,Sst,Sst,0.578,0.004,0.01,0.012,0.088,0.18,0.0,0.578,0.128
20190204_sample_16,Sst,Sst,0.76,0.0,0.006,0.002,0.054,0.136,0.006,0.76,0.036
20190204_sample_17,Sst,Sst,0.5,0.008,0.004,0.008,0.082,0.296,0.008,0.5,0.094
20190204_sample_18,Sst,Sst,0.888,0.004,0.002,0.0,0.01,0.056,0.002,0.888,0.038
20190204_sample_21,Pvalb,Pvalb,0.964,0.0,0.0,0.006,0.0,0.964,0.0,0.03,0.0
20190204_sample_22,IT,IT,0.692,0.192,0.068,0.692,0.004,0.008,0.0,0.018,0.018
20190204_sample_24,CT,CT,0.852,0.852,0.004,0.112,0.0,0.012,0.0,0.002,0.018
20190205_sample_1,Pvalb,Sst,0.308,0.008,0.012,0.01,0.22,0.304,0.004,0.308,0.134
20190205_sample_2,Sst,Sst,0.84,0.0,0.0,0.002,0.008,0.08,0.008,0.84,0.062
20190205_sample_4,Sst,Sst,0.95,0.0,0.002,0.002,0.006,0.026,0.0,0.95,0.014
20190205_sample_5,Sst,Sst,0.536,0.054,0.018,0.036,0.022,0.062,0.006,0.536,0.266
20190205_sample_6,Sst,Sst,0.652,0.0,0.002,0.0,0.078,0.192,0.026,0.652,0.05
20190205_sample_7,Pvalb,Pvalb,0.824,0.0,0.01,0.0,0.012,0.824,0.0,0.14,0.014
20190211_sample_1,Pvalb,Pvalb,0.904,0.0,0.004,0.006,0.006,0.904,0.0,0.078,0.002
20190211_sample_2,IT,IT,0.824,0.17,0.004,0.824,0.0,0.0,0.0,0.002,0.0
20190211_sample_3,Pvalb,Pvalb,0.65,0.014,0.016,0.008,0.046,0.65,0.0,0.244,0.022
20190211_sample_4,IT,IT,0.778,0.156,0.062,0.778,0.0,0.002,0.0,0.002,0.0
20190211_sample_6,Pvalb,Pvalb,0.94,0.0,0.008,0.0,0.0,0.94,0.0,0.052,0.0
20190211_sample_8,Pvalb,Vip,0.414,0.016,0.008,0.006,0.162,0.082,0.046,0.266,0.414
20190211_sample_9,Pvalb,Pvalb,0.71,0.002,0.004,0.0,0.016,0.71,0.0,0.246,0.022
20190211_sample_10,CT,CT,0.84,0.84,0.03,0.086,0.0,0.018,0.002,0.01,0.014
20190211_sample_11,Pvalb,Pvalb,0.43,0.02,0.026,0.026,0.074,0.43,0.026,0.324,0.074
20190212_sample_1,Sst,Sst,0.908,0.0,0.006,0.0,0.002,0.064,0.0,0.908,0.02
20190212_sample_4,Sst,Pvalb,0.212,0.17,0.12,0.122,0.158,0.212,0.004,0.096,0.118
20190212_sample_5,Sst,Sst,0.616,0.042,0.026,0.018,0.004,0.072,0.0,0.616,0.222
20190212_sample_6,Sst,Sst,0.69,0.006,0.01,0.006,0.012,0.156,0.002,0.69,0.118
20190212_sample_7,Sst,Sst,0.734,0.004,0.006,0.002,0.028,0.026,0.016,0.734,0.184
20190212_sample_8,Sst,Sst,0.612,0.006,0.028,0.006,0.024,0.27,0.002,0.612,0.052
20190213_sample_1,Pvalb,Pvalb,0.866,0.008,0.032,0.014,0.002,0.866,0.0,0.074,0.004
20190213_sample_4,Pvalb,Pvalb,0.942,0.0,0.008,0.002,0.0,0.942,0.002,0.044,0.002
20190213_sample_7,Pvalb,Pvalb,0.822,0.0,0.0,0.0,0.014,0.822,0.002,0.156,0.006
20190213_sample_8,Pvalb,Pvalb,0.962,0.0,0.002,0.002,0.0,0.962,0.0,0.032,0.002
20190214_sample_1,Pvalb,Sst,0.442,0.006,0.008,0.006,0.1,0.306,0.022,0.442,0.11
20190214_sample_2,Pvalb,Pvalb,0.654,0.014,0.016,0.006,0.02,0.654,0.0,0.274,0.016
20190214_sample_3,Pvalb,Pvalb,0.644,0.014,0.162,0.03,0.002,0.644,0.0,0.136,0.012
20190214_sample_6,Pvalb,Pvalb,0.39,0.05,0.074,0.03,0.084,0.39,0.002,0.288,0.082
20190214_sample_9,Pvalb,Pvalb,0.864,0.006,0.01,0.01,0.004,0.864,0.0,0.1,0.006
20190218_sample_3,Sst,Sst,0.7,0.006,0.01,0.002,0.014,0.162,0.006,0.7,0.1
20190218_sample_4,Sst,Sst,0.888,0.002,0.002,0.0,0.01,0.044,0.01,0.888,0.044
20190218_sample_5,Sst,Sst,0.688,0.004,0.036,0.016,0.012,0.178,0.004,0.688,0.062
20190219_sample_1,Vip,Vip,0.444,0.016,0.008,0.004,0.154,0.102,0.026,0.246,0.444
20190219_sample_3,Sncg,Vip,0.404,0.002,0.0,0.004,0.2,0.044,0.132,0.214,0.404
20190219_sample_4,Vip,Vip,0.554,0.02,0.006,0.004,0.134,0.056,0.056,0.17,0.554
20190219_sample_7,Vip,Vip,0.538,0.066,0.02,0.048,0.078,0.048,0.026,0.176,0.538
20190219_sample_8,IT,IT,0.414,0.344,0.1,0.414,0.02,0.034,0.0,0.06,0.028
20190221_sample_1,Sst,Sst,0.676,0.004,0.01,0.002,0.07,0.144,0.002,0.676,0.092
20190221_sample_2,Sst,Sst,0.356,0.046,0.094,0.02,0.07,0.274,0.006,0.356,0.134
20190221_sample_4,Sst,Sst,0.398,0.002,0.004,0.004,0.162,0.316,0.024,0.398,0.09
20190221_sample_10,Sst,Sst,0.562,0.002,0.002,0.0,0.108,0.262,0.022,0.562,0.042
20190221_sample_11,Pvalb,Pvalb,0.654,0.002,0.018,0.004,0.024,0.654,0.0,0.282,0.016
20190222_sample_2,CT,CT,0.864,0.864,0.004,0.112,0.004,0.008,0.0,0.006,0.002
20190222_sample_3,IT,IT,0.54,0.426,0.01,0.54,0.002,0.01,0.0,0.0,0.012
20190222_sample_4,CT,CT,0.478,0.478,0.044,0.098,0.024,0.042,0.006,0.194,0.114
20190222_sample_5,CT,CT,0.622,0.622,0.02,0.348,0.0,0.006,0.0,0.0,0.004
20190222_sample_7,Vip,Sst,0.388,0.014,0.01,0.0,0.112,0.15,0.042,0.388,0.284
20190222_sample_8,IT,IT,0.83,0.156,0.004,0.83,0.0,0.002,0.0,0.002,0.006
20190226_sample_1,Pvalb,Pvalb,0.506,0.004,0.004,0.002,0.022,0.506,0.002,0.424,0.036
20190226_sample_2,Lamp5,Lamp5,0.782,0.004,0.0,0.0,0.782,0.04,0.018,0.022,0.134
20190226_sample_3,CT,CT,0.674,0.674,0.068,0.11,0.026,0.018,0.008,0.05,0.046
20190226_sample_5,IT,IT,0.944,0.048,0.006,0.944,0.0,0.0,0.0,0.0,0.002
20190226_sample_6,IT,IT,0.754,0.192,0.022,0.754,0.002,0.018,0.0,0.008,0.004
20190226_sample_7,Lamp5,Lamp5,0.694,0.0,0.0,0.0,0.694,0.028,0.066,0.048,0.164
20190226_sample_9,Pvalb,Pvalb,0.482,0.006,0.004,0.002,0.08,0.482,0.008,0.382,0.036
20190227_sample_1,Sst,Sst,0.892,0.0,0.008,0.002,0.008,0.03,0.004,0.892,0.056
20190227_sample_2,Sst,Sst,0.522,0.002,0.0,0.002,0.066,0.338,0.006,0.522,0.064
20190227_sample_3,Sst,Sst,0.908,0.0,0.0,0.0,0.022,0.046,0.002,0.908,0.022
20190227_sample_4,Sst,Sst,0.768,0.016,0.012,0.01,0.012,0.052,0.006,0.768,0.124
20190227_sample_5,Sst,Sst,0.79,0.0,0.0,0.002,0.036,0.062,0.004,0.79,0.106
20190227_sample_6,Sst,Sst,0.414,0.012,0.004,0.002,0.072,0.124,0.022,0.414,0.35
20190227_sample_7,Pvalb,Pvalb,0.582,0.006,0.05,0.022,0.01,0.582,0.0,0.316,0.014
20190318_sample_3,Sst,Sst,0.758,0.0,0.0,0.002,0.05,0.128,0.02,0.758,0.042
20190318_sample_4,Sst,Sst,0.492,0.0,0.0,0.0,0.018,0.464,0.0,0.492,0.026
20190318_sample_5,Sst,Sst,0.676,0.012,0.05,0.01,0.004,0.21,0.002,0.676,0.036
20190318_sample_6,Sst,Sst,0.816,0.0,0.002,0.002,0.016,0.094,0.014,0.816,0.056
20190320_sample_4,IT,CT,0.534,0.534,0.006,0.448,0.0,0.002,0.0,0.004,0.006
20190320_sample_5,CT,CT,0.746,0.746,0.0,0.232,0.0,0.012,0.0,0.002,0.008
20190320_sample_6,CT,CT,0.618,0.618,0.12,0.222,0.002,0.014,0.0,0.018,0.006
20190320_sample_9,IT,CT,0.562,0.562,0.1,0.2,0.016,0.026,0.004,0.056,0.036
20190321_sample_4,IT,IT,0.934,0.06,0.004,0.934,0.0,0.0,0.0,0.0,0.002
20190321_sample_6,CT,IT,0.678,0.304,0.008,0.678,0.0,0.006,0.0,0.0,0.004
20190322_sample_1,IT,IT,0.948,0.05,0.002,0.948,0.0,0.0,0.0,0.0,0.0
20190322_sample_2,IT,IT,0.996,0.002,0.002,0.996,0.0,0.0,0.0,0.0,0.0
20190322_sample_3,CT,CT,0.692,0.692,0.01,0.202,0.01,0.018,0.002,0.04,0.026
20190322_sample_4,CT,CT,0.592,0.592,0.016,0.342,0.004,0.01,0.0,0.016,0.02
20190325_sample_1,Lamp5,Lamp5,0.476,0.004,0.0,0.004,0.476,0.098,0.056,0.08,0.282
20190325_sample_3,IT,IT,0.876,0.102,0.016,0.876,0.0,0.002,0.002,0.002,0.0
20190325_sample_4,CT,CT,0.598,0.598,0.004,0.39,0.0,0.002,0.0,0.0,0.006
20190325_sample_5,CT,IT,0.91,0.056,0.03,0.91,0.002,0.002,0.0,0.0,0.0
20190325_sample_6,CT,IT,0.496,0.412,0.07,0.496,0.0,0.004,0.0,0.012,0.006
20190325_sample_7,IT,IT,0.652,0.288,0.04,0.652,0.004,0.002,0.0,0.008,0.006
20190325_sample_9,CT,CT,0.738,0.738,0.058,0.116,0.014,0.04,0.0,0.028,0.006
20190326_sample_1,CT,IT,0.614,0.264,0.086,0.614,0.0,0.012,0.0,0.018,0.006
20190326_sample_2,Vip,Vip,0.708,0.0,0.002,0.0,0.072,0.028,0.114,0.076,0.708
20190326_sample_3,Vip,Vip,0.716,0.014,0.006,0.01,0.082,0.034,0.094,0.044,0.716
20190326_sample_4,CT,CT,0.494,0.494,0.144,0.312,0.006,0.01,0.0,0.024,0.01
20190327_sample_1,CT,CT,0.472,0.472,0.152,0.122,0.012,0.026,0.0,0.188,0.028
20190327_sample_2,IT,IT,0.896,0.08,0.022,0.896,0.0,0.002,0.0,0.0,0.0
20190327_sample_4,CT,CT,0.816,0.816,0.014,0.138,0.004,0.004,0.002,0.002,0.02
20190327_sample_7,Vip,Vip,0.578,0.002,0.004,0.0,0.114,0.054,0.084,0.164,0.578
20190328_sample_1,CT,CT,0.612,0.612,0.034,0.146,0.028,0.054,0.002,0.082,0.042
20190328_sample_2,CT,CT,0.48,0.48,0.054,0.138,0.046,0.07,0.014,0.136,0.062
20190328_sample_3,CT,CT,0.546,0.546,0.038,0.4,0.004,0.002,0.0,0.01,0.0
20190328_sample_4,CT,IT,0.76,0.198,0.036,0.76,0.002,0.0,0.0,0.0,0.004
20190328_sample_5,CT,CT,0.508,0.508,0.008,0.466,0.002,0.002,0.0,0.002,0.012
20190328_sample_6,CT,IT,0.504,0.418,0.044,0.504,0.004,0.004,0.0,0.014,0.012
20190328_sample_8,IT,IT,0.894,0.088,0.014,0.894,0.0,0.002,0.0,0.0,0.002
20190328_sample_9,CT,Sst,0.268,0.26,0.142,0.156,0.028,0.096,0.0,0.268,0.05
20190329_sample_3,CT,CT,0.466,0.466,0.176,0.31,0.002,0.014,0.0,0.028,0.004
20190329_sample_4,CT,IT,0.716,0.222,0.02,0.716,0.008,0.01,0.0,0.008,0.016
20190329_sample_5,CT,IT,0.71,0.228,0.048,0.71,0.002,0.004,0.0,0.006,0.002
20190402_sample_2,CT,IT,0.802,0.15,0.04,0.802,0.0,0.0,0.0,0.008,0.0
20190402_sample_3,IT,CT,0.526,0.526,0.04,0.098,0.028,0.074,0.012,0.118,0.104
20190402_sample_6,Vip,Vip,0.586,0.008,0.0,0.004,0.066,0.092,0.01,0.234,0.586
20190403_sample_5,IT,CT,0.518,0.518,0.008,0.468,0.002,0.004,0.0,0.0,0.0
20190403_sample_6,Sst,Sst,0.628,0.002,0.01,0.0,0.06,0.222,0.014,0.628,0.064
20190403_sample_7,Sst,Sst,0.524,0.02,0.008,0.002,0.038,0.122,0.002,0.524,0.284
20190408_sample_1,Pvalb,Pvalb,0.958,0.0,0.006,0.002,0.0,0.958,0.0,0.028,0.006
20190408_sample_2,Sst,Sst,0.684,0.0,0.0,0.0,0.07,0.03,0.026,0.684,0.19
20190408_sample_5,Sst,Sst,0.414,0.056,0.046,0.034,0.07,0.118,0.014,0.414,0.248
20190408_sample_6,Sst,Sst,0.248,0.042,0.186,0.032,0.064,0.212,0.016,0.248,0.2
20190409_sample_4,Sst,Sst,0.864,0.014,0.028,0.004,0.012,0.024,0.018,0.864,0.036
20190409_sample_5,CT,CT,0.554,0.554,0.08,0.342,0.0,0.008,0.0,0.01,0.006
20190409_sample_7,Sst,Sst,0.478,0.122,0.064,0.056,0.03,0.146,0.0,0.478,0.104
20190409_sample_8,CT,IT,0.448,0.404,0.102,0.448,0.002,0.012,0.002,0.018,0.012
20190409_sample_9,IT,IT,0.584,0.378,0.02,0.584,0.0,0.006,0.0,0.008,0.004
20190409_sample_10,CT,IT,0.462,0.344,0.142,0.462,0.004,0.022,0.0,0.018,0.008
20190409_sample_11,IT,IT,0.844,0.134,0.02,0.844,0.0,0.0,0.0,0.002,0.0
20190410_sample_3,CT,IT,0.436,0.218,0.264,0.436,0.002,0.036,0.004,0.028,0.012
20190410_sample_4,Sst,Vip,0.502,0.032,0.022,0.018,0.086,0.072,0.026,0.242,0.502
20190410_sample_6,IT,IT,0.966,0.024,0.006,0.966,0.0,0.002,0.0,0.0,0.002
20190410_sample_7,CT,CT,0.728,0.728,0.036,0.208,0.002,0.016,0.0,0.006,0.004
20190410_sample_10,CT,CT,0.806,0.806,0.022,0.1,0.01,0.02,0.0,0.018,0.024
20190411_sample_1,CT,CT,0.864,0.864,0.01,0.056,0.01,0.022,0.002,0.018,0.018
20190411_sample_5,CT,CT,0.648,0.648,0.028,0.29,0.004,0.012,0.0,0.016,0.002
20190411_sample_6,Pvalb,Pvalb,0.916,0.004,0.0,0.004,0.004,0.916,0.0,0.072,0.0
20190411_sample_8,CT,CT,0.66,0.66,0.044,0.254,0.0,0.02,0.0,0.004,0.018
20190412_sample_1,Pvalb,Pvalb,0.97,0.0,0.0,0.0,0.002,0.97,0.0,0.024,0.004
20190412_sample_3,IT,CT,0.772,0.772,0.028,0.166,0.0,0.014,0.0,0.004,0.016
20190412_sample_6,Pvalb,Pvalb,0.358,0.004,0.002,0.0,0.248,0.358,0.026,0.234,0.128
20190415_sample_1,Pvalb,Pvalb,0.808,0.0,0.004,0.0,0.0,0.808,0.0,0.186,0.002
20190415_sample_3,CT,CT,0.758,0.758,0.014,0.194,0.006,0.012,0.0,0.006,0.01
20190415_sample_4,IT,IT,0.542,0.438,0.01,0.542,0.0,0.004,0.002,0.0,0.004
20190415_sample_6,CT,CT,0.782,0.782,0.024,0.172,0.0,0.012,0.0,0.0,0.01
20190415_sample_8,Sst,Sst,0.434,0.032,0.034,0.002,0.028,0.43,0.0,0.434,0.04
20190415_sample_10,IT,IT,0.536,0.442,0.014,0.536,0.0,0.004,0.0,0.0,0.004
20190416_sample_3,CT,IT,0.55,0.32,0.116,0.55,0.002,0.002,0.0,0.004,0.006
20190416_sample_4,Pvalb,Pvalb,0.686,0.0,0.004,0.002,0.136,0.686,0.004,0.134,0.034
20190416_sample_5,Sst,Sst,0.644,0.03,0.008,0.002,0.036,0.176,0.014,0.644,0.09
20190416_sample_6,IT,IT,0.66,0.266,0.066,0.66,0.0,0.002,0.0,0.004,0.002
20190416_sample_7,Sncg,Vip,0.45,0.006,0.0,0.002,0.1,0.024,0.18,0.238,0.45
20190416_sample_8,Pvalb,Pvalb,0.89,0.0,0.0,0.0,0.006,0.89,0.002,0.102,0.0
20190416_sample_9,IT,IT,0.846,0.14,0.01,0.846,0.0,0.002,0.0,0.0,0.002
20190416_sample_10,CT,CT,0.744,0.744,0.044,0.088,0.006,0.062,0.0,0.042,0.014
20190417_sample_2,CT,CT,0.618,0.618,0.068,0.214,0.018,0.02,0.004,0.028,0.03
20190417_sample_3,CT,CT,0.528,0.528,0.03,0.062,0.076,0.11,0.02,0.11,0.064
20190417_sample_4,Sst,Sst,0.72,0.01,0.016,0.0,0.054,0.152,0.008,0.72,0.04
20190417_sample_5,Sst,Vip,0.43,0.008,0.002,0.008,0.168,0.108,0.006,0.27,0.43
20190417_sample_9,CT,IT,0.578,0.362,0.022,0.578,0.006,0.006,0.002,0.018,0.006
20190417_sample_10,Sst,Sst,0.614,0.006,0.004,0.004,0.05,0.012,0.03,0.614,0.28
20190418_sample_2,Sst,Sst,0.37,0.034,0.022,0.024,0.108,0.166,0.044,0.37,0.232
20190418_sample_4,CT,CT,0.814,0.814,0.008,0.148,0.002,0.016,0.0,0.0,0.012
20190418_sample_5,IT,IT,0.926,0.07,0.004,0.926,0.0,0.0,0.0,0.0,0.0
20190418_sample_7,CT,CT,0.84,0.84,0.012,0.092,0.004,0.016,0.002,0.014,0.02
20190418_sample_8,Pvalb,Pvalb,0.46,0.01,0.008,0.002,0.136,0.46,0.03,0.244,0.11
20190418_sample_9,CT,ET,0.214,0.194,0.214,0.128,0.032,0.142,0.012,0.19,0.088
20190418_sample_10,CT,CT,0.714,0.714,0.026,0.098,0.02,0.028,0.01,0.07,0.034
20190422_sample_1,Pvalb,Pvalb,0.866,0.0,0.0,0.006,0.004,0.866,0.0,0.112,0.012
20190422_sample_4,Pvalb,Sst,0.372,0.074,0.018,0.018,0.074,0.28,0.04,0.372,0.124
20190422_sample_5,Pvalb,Pvalb,0.776,0.0,0.002,0.002,0.04,0.776,0.002,0.16,0.018
20190422_sample_6,CT,IT,0.492,0.454,0.044,0.492,0.002,0.002,0.0,0.004,0.002
20190422_sample_7,IT,CT,0.482,0.482,0.026,0.462,0.002,0.012,0.0,0.004,0.012
20190422_sample_8,Pvalb,Pvalb,0.75,0.0,0.0,0.004,0.018,0.75,0.002,0.21,0.016
20190422_sample_10,CT,CT,0.696,0.696,0.032,0.256,0.0,0.002,0.0,0.012,0.002
20190423_sample_1,IT,IT,0.866,0.07,0.054,0.866,0.002,0.0,0.0,0.002,0.006
20190423_sample_3,CT,CT,0.816,0.816,0.03,0.066,0.008,0.036,0.002,0.03,0.012
20190423_sample_5,CT,Sst,0.242,0.11,0.108,0.092,0.102,0.074,0.036,0.242,0.236
20190423_sample_7,CT,IT,0.506,0.388,0.068,0.506,0.008,0.01,0.0,0.004,0.016
20190423_sample_8,Pvalb,Sst,0.544,0.006,0.02,0.004,0.018,0.366,0.004,0.544,0.038
20190423_sample_10,Pvalb,Pvalb,0.964,0.0,0.0,0.012,0.0,0.964,0.0,0.022,0.002
20190424_sample_1,CT,CT,0.764,0.764,0.05,0.106,0.002,0.034,0.0,0.03,0.014
20190424_sample_2,Pvalb,Pvalb,0.922,0.0,0.0,0.004,0.002,0.922,0.0,0.072,0.0
20190424_sample_3,CT,CT,0.598,0.598,0.05,0.35,0.0,0.0,0.0,0.002,0.0
20190424_sample_4,CT,CT,0.694,0.694,0.034,0.238,0.002,0.01,0.0,0.008,0.014
20190424_sample_5,CT,CT,0.518,0.518,0.142,0.232,0.016,0.038,0.002,0.036,0.016
20190424_sample_6,IT,IT,0.9,0.078,0.018,0.9,0.0,0.0,0.0,0.004,0.0
20190424_sample_7,Lamp5,Lamp5,0.652,0.01,0.012,0.008,0.652,0.168,0.01,0.088,0.052
20190425_sample_1,IT,IT,0.518,0.454,0.01,0.518,0.0,0.01,0.0,0.0,0.008
20190425_sample_4,Lamp5,Lamp5,0.524,0.0,0.0,0.0,0.524,0.078,0.038,0.086,0.274
20190425_sample_6,Sst,Sst,0.696,0.002,0.014,0.012,0.006,0.25,0.0,0.696,0.02
20190425_sample_7,IT,IT,0.87,0.114,0.012,0.87,0.002,0.0,0.0,0.002,0.0
20190425_sample_8,CT,IT,0.618,0.174,0.16,0.618,0.0,0.016,0.0,0.02,0.012
20190425_sample_9,CT,CT,0.568,0.568,0.154,0.126,0.01,0.06,0.0,0.068,0.014
20190425_sample_12,CT,CT,0.744,0.744,0.02,0.184,0.002,0.024,0.002,0.004,0.02
20190425_sample_13,CT,IT,0.652,0.296,0.028,0.652,0.0,0.012,0.0,0.0,0.012
20190425_sample_14,CT,CT,0.91,0.91,0.004,0.078,0.0,0.002,0.0,0.004,0.002
20190425_sample_16,IT,IT,0.88,0.1,0.01,0.88,0.0,0.0,0.0,0.002,0.008
20190429_sample_1,Pvalb,Pvalb,0.948,0.0,0.002,0.004,0.002,0.948,0.0,0.044,0.0
20190429_sample_4,Pvalb,Pvalb,0.794,0.008,0.008,0.014,0.0,0.794,0.0,0.162,0.014
20190429_sample_5,Pvalb,Pvalb,0.73,0.008,0.032,0.008,0.004,0.73,0.0,0.2,0.018
20190429_sample_6,Pvalb,Pvalb,0.568,0.008,0.024,0.006,0.03,0.568,0.004,0.332,0.028
20190429_sample_7,CT,IT,0.886,0.084,0.018,0.886,0.004,0.004,0.0,0.002,0.002
20190430_sample_1,Vip,Sst,0.42,0.0,0.004,0.0,0.234,0.116,0.042,0.42,0.184
20190430_sample_3,Vip,Vip,0.634,0.008,0.004,0.004,0.096,0.056,0.028,0.17,0.634
20190430_sample_4,Vip,Vip,0.748,0.004,0.006,0.0,0.03,0.016,0.138,0.058,0.748
20190430_sample_5,Vip,Vip,0.74,0.002,0.004,0.002,0.08,0.022,0.04,0.11,0.74
20190430_sample_6,Vip,Pvalb,0.566,0.006,0.03,0.004,0.094,0.566,0.016,0.22,0.064
20190430_sample_7,IT,IT,0.958,0.024,0.016,0.958,0.002,0.0,0.0,0.0,0.0
20190430_sample_8,Vip,Vip,0.422,0.078,0.038,0.026,0.134,0.084,0.048,0.17,0.422
20190430_sample_9,IT,IT,0.998,0.002,0.0,0.998,0.0,0.0,0.0,0.0,0.0
20190430_sample_10,IT,IT,0.842,0.136,0.008,0.842,0.002,0.008,0.0,0.0,0.004
20190501_sample_1,Vip,Vip,0.816,0.004,0.0,0.0,0.048,0.01,0.06,0.062,0.816
20190501_sample_3,Vip,Sst,0.342,0.026,0.03,0.042,0.044,0.19,0.0,0.342,0.326
20190501_sample_4,Vip,Vip,0.378,0.038,0.024,0.028,0.154,0.072,0.052,0.254,0.378
20190501_sample_5,CT,IT,0.81,0.118,0.048,0.81,0.002,0.012,0.0,0.004,0.006
20190501_sample_6,Vip,Vip,0.966,0.0,0.0,0.0,0.018,0.002,0.006,0.008,0.966
20190501_sample_7,Pvalb,Pvalb,0.922,0.004,0.016,0.024,0.0,0.922,0.0,0.034,0.0
20190501_sample_8,Vip,Vip,0.598,0.0,0.0,0.0,0.296,0.014,0.052,0.04,0.598
20190501_sample_9,Pvalb,Sst,0.568,0.002,0.004,0.004,0.012,0.394,0.002,0.568,0.014
20190501_sample_11,Pvalb,Pvalb,0.5,0.0,0.0,0.002,0.232,0.5,0.026,0.176,0.064
20190501_sample_12,IT,IT,0.962,0.018,0.018,0.962,0.002,0.0,0.0,0.0,0.0
20190501_sample_14,Pvalb,Pvalb,0.834,0.0,0.004,0.004,0.0,0.834,0.0,0.158,0.0
20190503_sample_1,Vip,Sst,0.49,0.002,0.002,0.004,0.05,0.016,0.05,0.49,0.386
20190503_sample_3,Vip,Lamp5,0.49,0.004,0.0,0.002,0.49,0.08,0.044,0.064,0.316
20190506_sample_1,Vip,Vip,0.698,0.006,0.0,0.0,0.13,0.034,0.036,0.096,0.698
20190506_sample_2,Vip,Vip,0.924,0.0,0.0,0.0,0.032,0.0,0.026,0.018,0.924
20190506_sample_3,Vip,Vip,0.766,0.002,0.0,0.0,0.158,0.014,0.022,0.038,0.766
20190506_sample_4,CT,CT,0.624,0.624,0.058,0.276,0.002,0.014,0.0,0.008,0.018
20190506_sample_5,Vip,Vip,0.648,0.004,0.0,0.0,0.168,0.01,0.124,0.046,0.648
20190506_sample_6,CT,CT,0.43,0.43,0.138,0.222,0.024,0.048,0.002,0.11,0.026
20190506_sample_7,Vip,Sst,0.536,0.004,0.002,0.002,0.058,0.17,0.016,0.536,0.212
20190507_sample_2,Vip,Vip,0.616,0.002,0.0,0.002,0.096,0.058,0.066,0.16,0.616
20190507_sample_3,CT,CT,0.632,0.632,0.082,0.25,0.002,0.012,0.0,0.018,0.004
20190507_sample_4,Vip,Vip,0.692,0.0,0.0,0.0,0.082,0.016,0.086,0.124,0.692
20190507_sample_5,Vip,Vip,0.422,0.0,0.006,0.0,0.182,0.094,0.048,0.248,0.422
20190507_sample_6,Vip,Vip,0.594,0.0,0.004,0.002,0.076,0.02,0.146,0.158,0.594
20190508_sample_1,Lamp5,Vip,0.476,0.004,0.0,0.006,0.336,0.048,0.06,0.07,0.476
20190508_sample_2,Sst,Sst,0.39,0.0,0.01,0.002,0.114,0.264,0.012,0.39,0.208
20190508_sample_3,Lamp5,Lamp5,0.834,0.0,0.0,0.002,0.834,0.022,0.024,0.02,0.098
20190508_sample_4,Sst,Sst,0.708,0.022,0.04,0.006,0.012,0.034,0.012,0.708,0.166
20190508_sample_6,Pvalb,Pvalb,0.886,0.0,0.002,0.0,0.012,0.886,0.0,0.096,0.004
20190508_sample_7,Sst,Sst,0.838,0.012,0.042,0.01,0.008,0.064,0.002,0.838,0.024
20190509_sample_2,Vip,Vip,0.934,0.0,0.0,0.0,0.026,0.002,0.03,0.008,0.934
20190509_sample_3,Lamp5,Sst,0.262,0.122,0.11,0.094,0.056,0.188,0.026,0.262,0.142
20190509_sample_4,Vip,Vip,0.826,0.0,0.0,0.0,0.086,0.018,0.01,0.06,0.826
20190509_sample_5,Lamp5,Lamp5,0.448,0.008,0.002,0.002,0.448,0.126,0.024,0.062,0.328
20190509_sample_9,Vip,Vip,0.65,0.006,0.002,0.004,0.122,0.068,0.024,0.124,0.65
20190513_sample_1,Lamp5,Sst,0.304,0.008,0.01,0.008,0.188,0.186,0.032,0.304,0.264
20190513_sample_2,Vip,Vip,0.754,0.002,0.0,0.0,0.122,0.026,0.024,0.072,0.754
20190513_sample_3,Vip,Vip,0.666,0.002,0.01,0.0,0.054,0.024,0.09,0.154,0.666
20190513_sample_4,Vip,Vip,0.722,0.0,0.0,0.0,0.208,0.012,0.032,0.026,0.722
20190513_sample_5,Lamp5,Lamp5,0.684,0.0,0.0,0.0,0.684,0.108,0.018,0.112,0.078
20190514_sample_2,Pvalb,Pvalb,0.988,0.0,0.002,0.0,0.0,0.988,0.0,0.01,0.0
20190514_sample_4,Lamp5,Lamp5,0.71,0.002,0.002,0.0,0.71,0.038,0.052,0.054,0.142
20190514_sample_7,Lamp5,Lamp5,0.434,0.002,0.0,0.0,0.434,0.218,0.04,0.14,0.166
20190514_sample_8,Pvalb,Pvalb,0.766,0.0,0.004,0.0,0.0,0.766,0.0,0.228,0.002
20190515_sample_1,Lamp5,Lamp5,0.52,0.004,0.004,0.004,0.52,0.156,0.02,0.12,0.172
20190515_sample_4,Vip,Vip,0.734,0.0,0.0,0.0,0.126,0.062,0.02,0.058,0.734
20190515_sample_5,Lamp5,Lamp5,0.516,0.0,0.002,0.0,0.516,0.044,0.068,0.074,0.296
20190515_sample_6,Vip,Vip,0.708,0.01,0.004,0.008,0.096,0.056,0.034,0.084,0.708
20190515_sample_7,Lamp5,Sst,0.398,0.006,0.008,0.004,0.08,0.07,0.176,0.398,0.258
20190515_sample_8,Vip,Pvalb,0.356,0.142,0.044,0.276,0.028,0.356,0.0,0.03,0.124
20190515_sample_9,Lamp5,Lamp5,0.418,0.006,0.0,0.004,0.418,0.04,0.052,0.082,0.398
20190515_sample_10,Vip,IT,0.32,0.294,0.052,0.32,0.01,0.17,0.0,0.016,0.138
20190515_sample_11,Lamp5,Lamp5,0.852,0.0,0.0,0.0,0.852,0.04,0.024,0.02,0.064
20190515_sample_12,Vip,Vip,0.494,0.004,0.002,0.002,0.212,0.098,0.03,0.158,0.494
20190515_sample_13,Vip,Vip,0.708,0.0,0.002,0.0,0.088,0.022,0.126,0.054,0.708
20190515_sample_14,Vip,Vip,0.52,0.002,0.0,0.004,0.13,0.208,0.02,0.116,0.52
20190515_sample_15,Lamp5,Sst,0.33,0.002,0.002,0.0,0.312,0.204,0.018,0.33,0.132
20190516_sample_2,Sst,Sst,0.626,0.028,0.016,0.018,0.038,0.024,0.046,0.626,0.204
20190516_sample_3,Lamp5,Lamp5,0.514,0.004,0.004,0.0,0.514,0.256,0.01,0.122,0.09
20190516_sample_4,Sst,Sst,0.908,0.002,0.006,0.0,0.004,0.016,0.016,0.908,0.048
20190516_sample_5,Lamp5,Lamp5,0.536,0.002,0.0,0.0,0.536,0.042,0.074,0.064,0.282
20190516_sample_6,Sst,Sst,0.578,0.002,0.002,0.004,0.112,0.204,0.016,0.578,0.082
20190522_sample_1,Lamp5,Lamp5,0.39,0.0,0.004,0.0,0.39,0.182,0.07,0.17,0.184
20190528_sample_2,Vip,Vip,0.408,0.008,0.01,0.008,0.302,0.086,0.044,0.134,0.408
20190528_sample_4,Vip,Vip,0.434,0.0,0.0,0.0,0.35,0.07,0.064,0.082,0.434
20190528_sample_6,Vip,Vip,0.548,0.016,0.008,0.004,0.238,0.03,0.07,0.086,0.548
20190528_sample_7,Lamp5,Lamp5,0.398,0.024,0.006,0.006,0.398,0.102,0.054,0.116,0.294
20190528_sample_8,Vip,Vip,0.564,0.01,0.002,0.0,0.238,0.044,0.042,0.1,0.564
20190528_sample_9,Vip,Vip,0.604,0.0,0.0,0.002,0.322,0.01,0.04,0.022,0.604
20190529_sample_2,Vip,Vip,0.302,0.064,0.058,0.086,0.134,0.128,0.032,0.196,0.302
20190529_sample_3,Sncg,Vip,0.32,0.026,0.006,0.01,0.14,0.234,0.008,0.256,0.32
20190529_sample_6,Vip,Vip,0.548,0.0,0.0,0.004,0.17,0.062,0.1,0.116,0.548
20190603_sample_1,Lamp5,Vip,0.324,0.004,0.0,0.002,0.236,0.07,0.092,0.272,0.324
20190603_sample_2,Vip,Vip,0.61,0.004,0.0,0.002,0.186,0.012,0.084,0.102,0.61
20190603_sample_3,Vip,Vip,0.55,0.004,0.008,0.008,0.07,0.13,0.034,0.196,0.55
20190603_sample_4,Vip,Vip,0.742,0.012,0.0,0.002,0.106,0.046,0.03,0.062,0.742
20190603_sample_5,Lamp5,Lamp5,0.922,0.0,0.0,0.0,0.922,0.006,0.022,0.004,0.046
20190603_sample_6,Lamp5,Lamp5,0.718,0.002,0.0,0.0,0.718,0.048,0.02,0.068,0.144
20190603_sample_7,Lamp5,Lamp5,0.518,0.002,0.004,0.0,0.518,0.06,0.03,0.128,0.258
20190603_sample_9,Sncg,Lamp5,0.698,0.0,0.0,0.0,0.698,0.104,0.024,0.066,0.108
20190603_sample_10,Vip,Vip,0.892,0.02,0.0,0.006,0.018,0.006,0.024,0.034,0.892
20190604_sample_2,Pvalb,Pvalb,0.994,0.0,0.0,0.0,0.0,0.994,0.0,0.004,0.002
20190604_sample_4,Lamp5,Lamp5,0.504,0.006,0.002,0.0,0.504,0.348,0.01,0.104,0.026
20190604_sample_6,Lamp5,Lamp5,0.892,0.004,0.0,0.0,0.892,0.05,0.01,0.014,0.03
20190604_sample_8,Pvalb,Pvalb,0.826,0.004,0.002,0.004,0.064,0.826,0.002,0.078,0.02
20190604_sample_12,IT,IT,0.812,0.178,0.004,0.812,0.002,0.0,0.0,0.0,0.004
20190605_sample_2,Vip,Vip,0.608,0.0,0.004,0.002,0.14,0.054,0.066,0.126,0.608
20190605_sample_4,Vip,Vip,0.706,0.004,0.0,0.0,0.104,0.042,0.024,0.12,0.706
20190605_sample_5,Lamp5,Lamp5,0.878,0.002,0.0,0.0,0.878,0.036,0.012,0.026,0.046
20190605_sample_6,Vip,Sst,0.602,0.008,0.012,0.006,0.042,0.13,0.002,0.602,0.198
20190606_sample_1,Pvalb,Pvalb,0.732,0.002,0.0,0.002,0.066,0.732,0.0,0.164,0.034
20190606_sample_2,Pvalb,Pvalb,0.558,0.0,0.0,0.0,0.168,0.558,0.014,0.226,0.034
20190606_sample_3,Pvalb,Pvalb,0.368,0.098,0.042,0.218,0.026,0.368,0.004,0.038,0.206
20190606_sample_5,Pvalb,Pvalb,0.514,0.004,0.008,0.006,0.194,0.514,0.01,0.202,0.062
20190606_sample_6,IT,IT,0.992,0.008,0.0,0.992,0.0,0.0,0.0,0.0,0.0
20190606_sample_9,Sst,Sst,0.442,0.018,0.02,0.004,0.102,0.156,0.034,0.442,0.224
20190607_sample_2,Sst,Sst,0.714,0.022,0.014,0.006,0.014,0.114,0.002,0.714,0.114
20190607_sample_3,Lamp5,Lamp5,0.482,0.018,0.01,0.018,0.482,0.232,0.002,0.146,0.092
20190610_sample_1,Sst,Pvalb,0.562,0.004,0.01,0.012,0.034,0.562,0.008,0.33,0.04
20190610_sample_2,Pvalb,Lamp5,0.284,0.012,0.002,0.0,0.284,0.166,0.066,0.258,0.212
20190610_sample_3,Lamp5,Lamp5,0.54,0.012,0.008,0.01,0.54,0.288,0.006,0.076,0.06
20190610_sample_4,Pvalb,Pvalb,0.58,0.0,0.008,0.002,0.07,0.58,0.014,0.274,0.052
20190610_sample_8,Pvalb,Pvalb,0.49,0.002,0.0,0.0,0.132,0.49,0.012,0.28,0.084
20190610_sample_9,Lamp5,Vip,0.432,0.016,0.0,0.002,0.296,0.14,0.012,0.102,0.432
20190610_sample_10,Pvalb,Sst,0.656,0.008,0.01,0.008,0.046,0.166,0.0,0.656,0.106
20190610_sample_12,Pvalb,Pvalb,0.514,0.002,0.018,0.008,0.018,0.514,0.002,0.41,0.028
20190610_sample_16,Lamp5,Sst,0.388,0.002,0.004,0.004,0.16,0.264,0.002,0.388,0.176
20190610_sample_18,Vip,Vip,0.82,0.006,0.0,0.0,0.056,0.0,0.06,0.058,0.82
20190611_sample_1,IT,CT,0.358,0.358,0.134,0.294,0.024,0.056,0.0,0.07,0.064
20190611_sample_3,Lamp5,Lamp5,0.63,0.0,0.002,0.0,0.63,0.08,0.05,0.134,0.104
20190611_sample_4,Sst,Sst,0.722,0.002,0.006,0.0,0.018,0.23,0.0,0.722,0.022
20190611_sample_7,Lamp5,Lamp5,0.79,0.0,0.0,0.004,0.79,0.058,0.012,0.04,0.096
20190611_sample_8,Sst,Sst,0.894,0.006,0.008,0.002,0.008,0.024,0.004,0.894,0.054
20190611_sample_10,Sst,Sst,0.448,0.0,0.0,0.0,0.158,0.276,0.032,0.448,0.086
20190611_sample_11,IT,Pvalb,0.866,0.006,0.022,0.0,0.0,0.866,0.0,0.1,0.006
20190611_sample_14,Sncg,Vip,0.412,0.014,0.018,0.008,0.068,0.044,0.08,0.356,0.412
20190611_sample_15,Lamp5,Lamp5,0.404,0.016,0.006,0.004,0.404,0.202,0.012,0.134,0.222
20190612_sample_1,Lamp5,Lamp5,0.42,0.002,0.002,0.0,0.42,0.03,0.058,0.118,0.37
20190612_sample_2,Pvalb,Pvalb,0.662,0.0,0.008,0.0,0.042,0.662,0.002,0.234,0.052
20190612_sample_4,Vip,Vip,0.86,0.0,0.002,0.0,0.066,0.012,0.036,0.024,0.86
20190612_sample_6,Pvalb,Pvalb,0.604,0.0,0.018,0.0,0.052,0.604,0.014,0.27,0.042
20190612_sample_7,Lamp5,Lamp5,0.662,0.0,0.0,0.0,0.662,0.102,0.054,0.108,0.074
20190612_sample_8,Lamp5,Lamp5,0.698,0.004,0.0,0.0,0.698,0.08,0.032,0.072,0.114
20190613_sample_2,Sst,Sst,0.422,0.03,0.082,0.026,0.05,0.27,0.016,0.422,0.104
20190613_sample_3,Sst,Sst,0.882,0.0,0.004,0.0,0.002,0.07,0.002,0.882,0.04
20190613_sample_4,Sst,Sst,0.754,0.0,0.0,0.0,0.054,0.032,0.036,0.754,0.124
20190613_sample_6,Pvalb,Pvalb,0.514,0.012,0.012,0.01,0.022,0.514,0.004,0.406,0.02
20190613_sample_7,Sst,Sst,0.744,0.006,0.012,0.0,0.046,0.12,0.016,0.744,0.056
20190613_sample_8,Pvalb,Pvalb,0.816,0.0,0.004,0.0,0.002,0.816,0.0,0.174,0.004
20190613_sample_9,Sst,Sst,0.374,0.012,0.018,0.002,0.118,0.13,0.038,0.374,0.308
20190613_sample_10,Sst,Sst,0.73,0.002,0.01,0.0,0.022,0.192,0.0,0.73,0.044
20190614_sample_2,Vip,Vip,0.616,0.0,0.0,0.002,0.18,0.038,0.068,0.096,0.616
20190614_sample_3,Lamp5,Sst,0.402,0.004,0.006,0.01,0.11,0.234,0.006,0.402,0.228
20190614_sample_4,Vip,Vip,0.754,0.002,0.002,0.002,0.076,0.024,0.032,0.108,0.754
20190614_sample_6,Vip,Vip,0.872,0.0,0.002,0.002,0.016,0.006,0.052,0.05,0.872
20190614_sample_8,Vip,Sst,0.694,0.002,0.002,0.004,0.018,0.014,0.014,0.694,0.252
20190617_sample_1,Lamp5,Pvalb,0.238,0.1,0.038,0.094,0.152,0.238,0.024,0.184,0.17
20190617_sample_2,CT,IT,0.448,0.19,0.342,0.448,0.0,0.01,0.0,0.006,0.004
20190617_sample_3,Sst,Sst,0.458,0.004,0.006,0.006,0.13,0.114,0.018,0.458,0.264
20190617_sample_4,Sst,Sst,0.888,0.0,0.0,0.0,0.016,0.064,0.008,0.888,0.024
20190617_sample_5,Sncg,Vip,0.606,0.0,0.004,0.002,0.122,0.018,0.088,0.16,0.606
20190617_sample_6,Sst,Sst,0.686,0.026,0.056,0.01,0.016,0.1,0.008,0.686,0.098
20190618_sample_2,Vip,Vip,0.756,0.0,0.002,0.0,0.052,0.004,0.064,0.122,0.756
20190618_sample_4,Vip,Vip,0.42,0.02,0.004,0.014,0.032,0.132,0.0,0.378,0.42
20190618_sample_5,Vip,Vip,0.594,0.008,0.002,0.0,0.052,0.012,0.058,0.274,0.594
20190618_sample_7,Lamp5,Lamp5,0.502,0.002,0.002,0.002,0.502,0.292,0.018,0.132,0.05
20190618_sample_8,Lamp5,Vip,0.47,0.002,0.008,0.002,0.254,0.038,0.084,0.142,0.47
20190619_sample_1,Lamp5,Vip,0.336,0.01,0.006,0.004,0.318,0.112,0.034,0.18,0.336
20190619_sample_3,Pvalb,Pvalb,0.984,0.0,0.0,0.0,0.0,0.984,0.0,0.016,0.0
20190619_sample_4,Pvalb,Pvalb,0.348,0.114,0.056,0.222,0.034,0.348,0.0,0.044,0.182
20190619_sample_5,Pvalb,Pvalb,0.602,0.004,0.008,0.0,0.01,0.602,0.0,0.36,0.016
20190619_sample_6,Lamp5,Lamp5,0.518,0.016,0.006,0.01,0.518,0.266,0.008,0.084,0.092
20190620_sample_1,Lamp5,Lamp5,0.502,0.002,0.002,0.0,0.502,0.164,0.048,0.138,0.144
20190620_sample_2,Sst,Sst,0.63,0.002,0.0,0.0,0.118,0.11,0.028,0.63,0.112
20190620_sample_5,Sst,Sst,0.784,0.002,0.002,0.0,0.034,0.106,0.004,0.784,0.068
20190620_sample_6,Sst,Sst,0.65,0.008,0.004,0.0,0.056,0.112,0.004,0.65,0.166
20190620_sample_8,Pvalb,Pvalb,0.944,0.004,0.004,0.0,0.002,0.944,0.0,0.042,0.004
20190624_sample_1,Sst,Sst,0.792,0.008,0.02,0.01,0.0,0.148,0.002,0.792,0.02
20190624_sample_2,Sst,Sst,0.714,0.018,0.026,0.016,0.012,0.17,0.0,0.714,0.044
20190624_sample_3,Sst,Sst,0.784,0.004,0.002,0.0,0.014,0.08,0.018,0.784,0.098
20190624_sample_4,Pvalb,Pvalb,0.976,0.0,0.0,0.0,0.0,0.976,0.0,0.02,0.004
20190624_sample_5,Sst,Sst,0.678,0.002,0.004,0.002,0.034,0.166,0.006,0.678,0.108
20190624_sample_6,Sst,Sst,0.502,0.004,0.018,0.006,0.044,0.372,0.002,0.502,0.052
20190625_sample_1,Vip,Vip,0.42,0.004,0.0,0.002,0.272,0.068,0.058,0.176,0.42
20190625_sample_3,Vip,Sst,0.588,0.004,0.004,0.006,0.046,0.04,0.04,0.588,0.272
20190625_sample_4,Vip,Vip,0.762,0.008,0.004,0.004,0.028,0.006,0.102,0.086,0.762
20190625_sample_5,Vip,Sst,0.56,0.014,0.014,0.01,0.072,0.032,0.046,0.56,0.252
20190625_sample_6,Lamp5,Lamp5,0.402,0.004,0.002,0.002,0.402,0.114,0.048,0.178,0.25
20190625_sample_7,Vip,Vip,0.392,0.012,0.01,0.006,0.066,0.088,0.044,0.382,0.392
20190625_sample_8,Vip,Vip,0.792,0.0,0.0,0.0,0.094,0.002,0.076,0.036,0.792
20190625_sample_10,Vip,Sst,0.41,0.004,0.002,0.006,0.132,0.122,0.082,0.41,0.242
20190625_sample_11,Vip,Vip,0.444,0.002,0.0,0.004,0.072,0.058,0.012,0.408,0.444
20190625_sample_12,Vip,Vip,0.896,0.002,0.0,0.0,0.026,0.006,0.048,0.022,0.896
20190625_sample_13,Vip,Vip,0.442,0.02,0.008,0.006,0.284,0.062,0.076,0.102,0.442
20190626_sample_1,Vip,Vip,0.518,0.004,0.002,0.022,0.122,0.074,0.02,0.238,0.518
20190626_sample_5,Vip,Vip,0.87,0.0,0.0,0.0,0.06,0.004,0.03,0.036,0.87
20190627_sample_1,CT,CT,0.666,0.666,0.058,0.202,0.004,0.014,0.002,0.038,0.016
20190627_sample_2,Lamp5,Lamp5,0.774,0.002,0.002,0.0,0.774,0.05,0.02,0.064,0.088
20190627_sample_6,Pvalb,Lamp5,0.48,0.0,0.0,0.002,0.48,0.298,0.022,0.12,0.078
20190627_sample_8,IT,IT,0.826,0.158,0.01,0.826,0.0,0.004,0.0,0.002,0.0
20190628_sample_1,Sst,Sst,0.89,0.02,0.026,0.006,0.004,0.01,0.004,0.89,0.04
20190628_sample_2,Pvalb,Pvalb,0.948,0.0,0.0,0.0,0.008,0.948,0.0,0.04,0.004
20190628_sample_3,Sst,Sst,0.444,0.042,0.03,0.01,0.044,0.29,0.0,0.444,0.14
20190628_sample_4,Sst,Sst,0.808,0.02,0.02,0.008,0.022,0.026,0.006,0.808,0.09
20190628_sample_5,Sst,Sst,0.528,0.054,0.012,0.006,0.076,0.068,0.012,0.528,0.244
20190628_sample_6,Pvalb,Pvalb,0.776,0.0,0.002,0.008,0.008,0.776,0.0,0.192,0.014
20190628_sample_7,Sst,Sst,0.668,0.006,0.024,0.012,0.046,0.19,0.014,0.668,0.04
20190703_sample_1,Pvalb,Pvalb,0.966,0.0,0.004,0.0,0.002,0.966,0.0,0.026,0.002
20190703_sample_2,Pvalb,Pvalb,0.964,0.0,0.002,0.0,0.0,0.964,0.0,0.028,0.006
20190703_sample_3,Pvalb,Pvalb,0.568,0.014,0.104,0.02,0.01,0.568,0.0,0.252,0.032
20190703_sample_5,Pvalb,Pvalb,0.922,0.004,0.006,0.0,0.012,0.922,0.0,0.054,0.002
20190703_sample_6,Pvalb,Pvalb,0.67,0.002,0.012,0.0,0.008,0.67,0.002,0.292,0.014
20190703_sample_8,Pvalb,Pvalb,0.96,0.0,0.0,0.006,0.012,0.96,0.0,0.018,0.004
20190703_sample_10,Pvalb,Pvalb,0.662,0.0,0.006,0.0,0.002,0.662,0.0,0.33,0.0
20190703_sample_12,Pvalb,Pvalb,0.93,0.0,0.0,0.01,0.002,0.93,0.0,0.056,0.002
20190703_sample_13,Sst,Sst,0.948,0.0,0.0,0.002,0.006,0.008,0.006,0.948,0.03
20190703_sample_15,Sst,Sst,0.92,0.0,0.004,0.0,0.024,0.008,0.012,0.92,0.032
20190704_sample_2,Sst,Sst,0.556,0.022,0.018,0.004,0.018,0.34,0.0,0.556,0.042
20190704_sample_12,Vip,Vip,0.834,0.002,0.0,0.0,0.068,0.01,0.012,0.074,0.834
20190704_sample_14,Vip,Sst,0.452,0.006,0.002,0.014,0.11,0.114,0.0,0.452,0.302
20190705_sample_1,Vip,Vip,0.78,0.006,0.0,0.0,0.09,0.026,0.034,0.064,0.78
20190705_sample_3,Vip,Vip,0.408,0.014,0.002,0.006,0.07,0.044,0.05,0.406,0.408
20190705_sample_4,Vip,Vip,0.674,0.014,0.002,0.0,0.074,0.054,0.016,0.166,0.674
20190705_sample_5,Vip,Vip,0.852,0.002,0.008,0.002,0.022,0.004,0.076,0.034,0.852
20190705_sample_9,Vip,Sst,0.418,0.084,0.02,0.038,0.09,0.08,0.046,0.418,0.224
20190708_sample_4,Pvalb,Pvalb,0.898,0.0,0.004,0.004,0.01,0.898,0.0,0.07,0.014
20190708_sample_6,Vip,Vip,0.456,0.014,0.002,0.004,0.252,0.092,0.014,0.166,0.456
20190708_sample_7,Vip,Vip,0.52,0.012,0.006,0.024,0.072,0.058,0.024,0.284,0.52
20190708_sample_8,IT,IT,0.944,0.046,0.01,0.944,0.0,0.0,0.0,0.0,0.0
20190708_sample_12,Vip,Vip,0.52,0.008,0.0,0.006,0.152,0.086,0.022,0.206,0.52
20190709_sample_1,Vip,Sst,0.434,0.006,0.006,0.002,0.054,0.088,0.004,0.434,0.406
20190709_sample_2,Vip,Vip,0.444,0.028,0.012,0.032,0.04,0.038,0.022,0.384,0.444
20190709_sample_3,Vip,Vip,0.696,0.004,0.002,0.006,0.096,0.006,0.092,0.098,0.696
20190709_sample_8,Sncg,Vip,0.93,0.002,0.0,0.0,0.034,0.0,0.02,0.014,0.93
20190709_sample_10,Vip,Vip,0.902,0.008,0.0,0.004,0.028,0.008,0.018,0.032,0.902
20190709_sample_11,Vip,Sst,0.576,0.014,0.012,0.014,0.066,0.054,0.022,0.576,0.242
20190709_sample_12,Vip,Vip,0.904,0.0,0.0,0.0,0.032,0.002,0.044,0.018,0.904
20190709_sample_13,Vip,Vip,0.924,0.004,0.0,0.004,0.016,0.004,0.018,0.03,0.924
20190709_sample_14,Vip,Vip,0.746,0.004,0.0,0.0,0.144,0.03,0.016,0.06,0.746
20190710_sample_3,Sst,Sst,0.738,0.004,0.012,0.0,0.014,0.08,0.032,0.738,0.12
20190710_sample_4,Sst,Sst,0.73,0.014,0.008,0.004,0.006,0.022,0.022,0.73,0.194
20190710_sample_5,Sst,Sst,0.456,0.002,0.022,0.012,0.008,0.454,0.0,0.456,0.046
20190710_sample_6,Sst,Sst,0.912,0.0,0.018,0.0,0.0,0.024,0.008,0.912,0.038
20190710_sample_8,Vip,Sst,0.382,0.004,0.006,0.006,0.174,0.174,0.014,0.382,0.24
20190710_sample_10,Vip,Vip,0.428,0.01,0.006,0.012,0.186,0.058,0.094,0.206,0.428
20190712_sample_1,CT,IT,0.784,0.16,0.044,0.784,0.0,0.002,0.0,0.008,0.002
20190712_sample_3,Sst,Sst,0.64,0.0,0.002,0.0,0.022,0.326,0.002,0.64,0.008
20190712_sample_5,Lamp5,Lamp5,0.684,0.0,0.0,0.0,0.684,0.152,0.022,0.088,0.054
20190712_sample_6,Lamp5,Vip,0.386,0.014,0.006,0.0,0.334,0.126,0.034,0.1,0.386
20190712_sample_7,Lamp5,Lamp5,0.86,0.004,0.0,0.0,0.86,0.062,0.006,0.014,0.054
20190715_sample_1,Lamp5,Lamp5,0.512,0.004,0.0,0.006,0.512,0.054,0.046,0.066,0.312
20190715_sample_4,Lamp5,Lamp5,0.578,0.0,0.004,0.0,0.578,0.232,0.008,0.082,0.096
20190715_sample_5,Vip,Vip,0.546,0.004,0.0,0.0,0.05,0.022,0.052,0.326,0.546
20190715_sample_6,Lamp5,Lamp5,0.81,0.002,0.0,0.0,0.81,0.054,0.01,0.028,0.096
20190715_sample_7,Vip,Sst,0.674,0.0,0.004,0.002,0.026,0.048,0.01,0.674,0.236
20190715_sample_8,Lamp5,Lamp5,0.568,0.0,0.002,0.002,0.568,0.2,0.026,0.146,0.056
20190715_sample_9,Vip,Vip,0.56,0.0,0.0,0.0,0.268,0.022,0.082,0.068,0.56
20190715_sample_10,Sncg,Vip,0.604,0.01,0.0,0.004,0.15,0.018,0.052,0.162,0.604
20190715_sample_11,Lamp5,Lamp5,0.564,0.0,0.0,0.0,0.564,0.274,0.008,0.082,0.072
20190716_sample_3,Sst,Sst,0.486,0.002,0.002,0.0,0.03,0.056,0.016,0.486,0.408
20190716_sample_5,Sst,Sst,0.644,0.002,0.0,0.0,0.09,0.14,0.028,0.644,0.096
20190716_sample_7,Vip,Vip,0.394,0.008,0.0,0.006,0.12,0.058,0.052,0.362,0.394
20190716_sample_8,Lamp5,Lamp5,0.494,0.01,0.004,0.012,0.494,0.228,0.006,0.106,0.14
20190716_sample_9,Vip,Vip,0.53,0.004,0.0,0.018,0.02,0.072,0.018,0.338,0.53
20190717_sample_1,Sst,Sst,0.9,0.002,0.002,0.0,0.004,0.058,0.008,0.9,0.026
20190717_sample_2,Sst,Sst,0.72,0.032,0.022,0.014,0.024,0.122,0.014,0.72,0.052
20190717_sample_3,Sst,Sst,0.916,0.002,0.002,0.002,0.002,0.052,0.0,0.916,0.024
20190718_sample_1,Vip,Lamp5,0.706,0.018,0.004,0.008,0.706,0.036,0.04,0.026,0.162
20190718_sample_2,CT,CT,0.23,0.23,0.172,0.208,0.034,0.054,0.01,0.19,0.102
20190718_sample_3,CT,ET,0.484,0.272,0.484,0.098,0.004,0.044,0.002,0.09,0.006
20190718_sample_4,Vip,Vip,0.744,0.002,0.002,0.0,0.052,0.004,0.072,0.124,0.744
20190718_sample_5,Vip,Sst,0.676,0.0,0.002,0.004,0.012,0.006,0.02,0.676,0.28
20190718_sample_6,Vip,Vip,0.57,0.0,0.002,0.002,0.064,0.024,0.134,0.204,0.57
20190718_sample_7,Vip,Vip,0.786,0.006,0.002,0.004,0.058,0.026,0.016,0.102,0.786
20190718_sample_8,Vip,Sst,0.388,0.0,0.0,0.006,0.148,0.106,0.02,0.388,0.332
20190718_sample_9,Vip,Vip,0.472,0.002,0.0,0.002,0.236,0.052,0.116,0.12,0.472
20190719_sample_1,CT,IT,0.366,0.312,0.3,0.366,0.0,0.006,0.0,0.014,0.002
20190719_sample_2,IT,IT,0.83,0.072,0.06,0.83,0.01,0.012,0.002,0.01,0.004
20190719_sample_4,IT,IT,0.88,0.096,0.02,0.88,0.0,0.0,0.0,0.004,0.0
20190719_sample_5,IT,IT,0.956,0.032,0.012,0.956,0.0,0.0,0.0,0.0,0.0
20190719_sample_6,IT,IT,0.914,0.078,0.004,0.914,0.0,0.002,0.0,0.002,0.0
20190719_sample_9,IT,IT,0.966,0.03,0.002,0.966,0.0,0.0,0.0,0.002,0.0
20190719_sample_10,IT,IT,0.834,0.104,0.038,0.834,0.002,0.006,0.0,0.008,0.008
20190722_sample_1,CT,CT,0.502,0.502,0.104,0.242,0.024,0.034,0.004,0.066,0.024
20190722_sample_6,CT,CT,0.544,0.544,0.024,0.374,0.002,0.012,0.0,0.032,0.012
20190724_sample_1,Vip,Vip,0.294,0.066,0.052,0.12,0.138,0.088,0.02,0.222,0.294
20190724_sample_2,CT,CT,0.81,0.81,0.032,0.076,0.01,0.03,0.002,0.026,0.014
20190724_sample_4,Vip,Vip,0.588,0.006,0.002,0.0,0.108,0.012,0.118,0.166,0.588
20190724_sample_5,Vip,Sst,0.488,0.008,0.018,0.012,0.036,0.122,0.01,0.488,0.306
20190724_sample_6,IT,CT,0.286,0.286,0.186,0.172,0.048,0.048,0.016,0.146,0.098
20190724_sample_9,Vip,Vip,0.714,0.004,0.004,0.004,0.04,0.014,0.036,0.184,0.714
20190724_sample_10,Vip,Vip,0.488,0.02,0.0,0.004,0.152,0.112,0.04,0.184,0.488
20190724_sample_12,Vip,Sst,0.3,0.074,0.022,0.094,0.1,0.252,0.012,0.3,0.146
20190725_sample_1,Vip,Vip,0.608,0.002,0.0,0.0,0.118,0.022,0.094,0.156,0.608
20190725_sample_3,Vip,Vip,0.74,0.004,0.004,0.004,0.07,0.008,0.098,0.072,0.74
20190725_sample_4,Sst,Sst,0.668,0.04,0.044,0.014,0.008,0.12,0.0,0.668,0.106
20190725_sample_5,CT,CT,0.444,0.444,0.048,0.334,0.026,0.014,0.002,0.1,0.032
20190725_sample_6,Vip,Vip,0.842,0.002,0.0,0.0,0.042,0.012,0.022,0.08,0.842
20190725_sample_7,Vip,Vip,0.698,0.0,0.0,0.0,0.048,0.016,0.032,0.206,0.698
20190725_sample_8,Vip,Vip,0.466,0.01,0.004,0.01,0.116,0.058,0.06,0.276,0.466
20190725_sample_9,Vip,Vip,0.524,0.002,0.0,0.0,0.202,0.086,0.038,0.148,0.524
20190726_sample_1,Lamp5,Lamp5,0.646,0.0,0.0,0.0,0.646,0.032,0.022,0.032,0.268
20190726_sample_2,Pvalb,Pvalb,0.934,0.0,0.0,0.002,0.0,0.934,0.0,0.064,0.0
20190726_sample_3,Lamp5,Lamp5,0.828,0.002,0.0,0.0,0.828,0.052,0.022,0.034,0.062
20190726_sample_4,IT,IT,0.908,0.04,0.044,0.908,0.0,0.0,0.0,0.008,0.0
20190726_sample_5,Lamp5,Lamp5,0.576,0.0,0.0,0.004,0.576,0.126,0.02,0.076,0.198
20190726_sample_6,Sst,Sst,0.694,0.008,0.006,0.006,0.048,0.094,0.01,0.694,0.134
20190726_sample_7,Lamp5,Lamp5,0.882,0.0,0.0,0.0,0.882,0.072,0.018,0.014,0.014
20190729_sample_2,Sst,Sst,0.846,0.01,0.008,0.004,0.016,0.024,0.004,0.846,0.088
20190729_sample_3,Sst,Sst,0.488,0.002,0.006,0.002,0.044,0.414,0.0,0.488,0.044
20190729_sample_5,Pvalb,Pvalb,0.474,0.002,0.006,0.004,0.072,0.474,0.006,0.388,0.048
20190730_sample_1,Vip,Vip,0.39,0.012,0.026,0.014,0.106,0.078,0.042,0.332,0.39
20190730_sample_2,Vip,Vip,0.75,0.006,0.0,0.002,0.056,0.014,0.09,0.082,0.75
20190730_sample_5,Vip,Vip,0.556,0.014,0.006,0.018,0.144,0.082,0.03,0.15,0.556
20190730_sample_6,Vip,Vip,0.86,0.0,0.0,0.002,0.072,0.002,0.04,0.024,0.86
20190730_sample_7,Vip,Vip,0.822,0.004,0.0,0.004,0.042,0.022,0.032,0.074,0.822
20190730_sample_9,Lamp5,Lamp5,0.422,0.006,0.002,0.0,0.422,0.166,0.042,0.118,0.244
20190731_sample_1,Pvalb,Pvalb,0.948,0.002,0.002,0.0,0.01,0.948,0.0,0.036,0.002
20190731_sample_2,Lamp5,Lamp5,0.404,0.0,0.002,0.0,0.404,0.112,0.046,0.092,0.344
20190731_sample_4,Vip,Sst,0.63,0.0,0.006,0.0,0.03,0.036,0.022,0.63,0.276
20190731_sample_5,Pvalb,Pvalb,0.7,0.0,0.002,0.002,0.082,0.7,0.004,0.186,0.024
20190731_sample_8,Pvalb,Pvalb,0.772,0.0,0.0,0.0,0.138,0.772,0.004,0.07,0.016
20190801_sample_1,IT,IT,0.936,0.058,0.006,0.936,0.0,0.0,0.0,0.0,0.0
20190801_sample_2,Sst,Sst,0.52,0.01,0.004,0.008,0.104,0.188,0.016,0.52,0.15
20190801_sample_3,Sst,Sst,0.73,0.0,0.0,0.002,0.042,0.164,0.004,0.73,0.058
20190801_sample_4,Sst,Sst,0.428,0.182,0.022,0.056,0.032,0.158,0.008,0.428,0.114
20190801_sample_7,Sst,Sst,0.6,0.014,0.006,0.002,0.068,0.206,0.02,0.6,0.084
20190820_sample_1,Sst,Sst,0.878,0.0,0.004,0.0,0.032,0.064,0.006,0.878,0.016
20190820_sample_2,CT,CT,0.822,0.822,0.014,0.148,0.0,0.008,0.0,0.002,0.006
20190820_sample_3,Pvalb,Pvalb,0.67,0.026,0.058,0.04,0.026,0.67,0.004,0.148,0.028
20190820_sample_5,Sst,Sst,0.432,0.006,0.006,0.006,0.154,0.234,0.004,0.432,0.158
20190820_sample_6,CT,IT,0.492,0.482,0.022,0.492,0.0,0.0,0.0,0.004,0.0
20190821_sample_1,IT,IT,0.412,0.364,0.158,0.412,0.0,0.022,0.004,0.034,0.006
20190821_sample_2,IT,IT,0.89,0.098,0.01,0.89,0.0,0.002,0.0,0.0,0.0
20190821_sample_3,CT,CT,0.69,0.69,0.024,0.23,0.006,0.01,0.0,0.022,0.018
20190821_sample_4,IT,IT,0.988,0.012,0.0,0.988,0.0,0.0,0.0,0.0,0.0
20190821_sample_5,IT,IT,0.722,0.246,0.024,0.722,0.0,0.002,0.0,0.004,0.002
20190821_sample_6,IT,IT,0.976,0.018,0.006,0.976,0.0,0.0,0.0,0.0,0.0
20190821_sample_7,IT,IT,0.914,0.062,0.008,0.914,0.004,0.002,0.0,0.006,0.004
20190823_sample_1,IT,IT,0.944,0.042,0.01,0.944,0.0,0.002,0.0,0.002,0.0
20190823_sample_3,Pvalb,Sst,0.492,0.008,0.016,0.0,0.016,0.45,0.004,0.492,0.014
20190823_sample_6,IT,IT,0.948,0.046,0.006,0.948,0.0,0.0,0.0,0.0,0.0
20190823_sample_7,IT,IT,0.966,0.028,0.0,0.966,0.0,0.002,0.0,0.002,0.002
20190827_sample_1,Sst,Sst,0.338,0.002,0.002,0.002,0.22,0.132,0.068,0.338,0.236
20190827_sample_3,Sst,Sst,0.738,0.004,0.006,0.0,0.034,0.09,0.012,0.738,0.116
20190827_sample_4,Sst,Sst,0.48,0.016,0.016,0.012,0.03,0.224,0.018,0.48,0.204
20190827_sample_5,CT,CT,0.488,0.488,0.034,0.31,0.006,0.032,0.0,0.108,0.022
20190827_sample_6,Sst,Sst,0.848,0.006,0.016,0.004,0.004,0.084,0.002,0.848,0.036
20190827_sample_7,Pvalb,Sst,0.912,0.002,0.0,0.0,0.002,0.058,0.0,0.912,0.026
20190827_sample_8,Sst,Sst,0.404,0.002,0.006,0.006,0.128,0.316,0.008,0.404,0.13
20190827_sample_9,Sst,Sst,0.604,0.026,0.016,0.006,0.082,0.092,0.042,0.604,0.132
20190828_sample_1,Vip,Lamp5,0.456,0.004,0.002,0.002,0.456,0.01,0.058,0.034,0.434
20190828_sample_3,Vip,Sst,0.492,0.008,0.002,0.006,0.06,0.064,0.014,0.492,0.354
20190828_sample_4,Vip,Vip,0.644,0.004,0.006,0.012,0.06,0.006,0.07,0.198,0.644
20190828_sample_5,Vip,Vip,0.622,0.014,0.004,0.008,0.16,0.02,0.046,0.126,0.622
20190828_sample_6,Vip,Vip,0.358,0.026,0.016,0.016,0.266,0.08,0.05,0.188,0.358
20190828_sample_7,Vip,Lamp5,0.364,0.008,0.0,0.0,0.364,0.208,0.02,0.18,0.22
20190829_sample_2,Lamp5,Lamp5,0.64,0.002,0.0,0.0,0.64,0.052,0.02,0.022,0.264
20190829_sample_3,IT,IT,0.682,0.266,0.04,0.682,0.0,0.008,0.0,0.002,0.002
20190829_sample_4,Lamp5,Pvalb,0.32,0.012,0.002,0.004,0.154,0.32,0.016,0.204,0.288
20190829_sample_6,Lamp5,Pvalb,0.228,0.072,0.038,0.136,0.156,0.228,0.026,0.184,0.16
20190829_sample_9,Pvalb,Pvalb,0.868,0.002,0.004,0.018,0.006,0.868,0.0,0.084,0.018
20190830_sample_1,IT,IT,0.934,0.06,0.006,0.934,0.0,0.0,0.0,0.0,0.0
20190830_sample_2,IT,IT,0.736,0.206,0.046,0.736,0.002,0.004,0.0,0.004,0.002
20190830_sample_6,IT,IT,0.98,0.014,0.006,0.98,0.0,0.0,0.0,0.0,0.0
20190830_sample_8,IT,IT,0.858,0.126,0.014,0.858,0.002,0.0,0.0,0.0,0.0
20190904_sample_2,Vip,Sst,0.54,0.008,0.008,0.008,0.034,0.034,0.008,0.54,0.36
20190904_sample_3,Vip,Vip,0.918,0.0,0.0,0.0,0.016,0.0,0.052,0.014,0.918
20190904_sample_4,Vip,Vip,0.642,0.0,0.0,0.0,0.17,0.028,0.088,0.072,0.642
20190904_sample_5,Vip,Vip,0.368,0.008,0.006,0.01,0.168,0.114,0.06,0.266,0.368
20190904_sample_7,Vip,Vip,0.738,0.014,0.002,0.024,0.074,0.016,0.05,0.082,0.738
20190905_sample_3,Sst,Sst,0.882,0.008,0.004,0.004,0.01,0.036,0.02,0.882,0.036
20190906_sample_1,Lamp5,Lamp5,0.586,0.0,0.0,0.002,0.586,0.082,0.038,0.08,0.212
20190906_sample_5,CT,IT,0.828,0.128,0.038,0.828,0.0,0.0,0.0,0.006,0.0
20190906_sample_6,Lamp5,Pvalb,0.348,0.014,0.008,0.006,0.294,0.348,0.006,0.188,0.136
20190910_sample_1,Lamp5,Lamp5,0.53,0.002,0.002,0.0,0.53,0.106,0.046,0.09,0.224
20190910_sample_2,Vip,Vip,0.946,0.0,0.0,0.0,0.032,0.002,0.004,0.016,0.946
20190910_sample_3,Vip,Vip,0.862,0.002,0.0,0.002,0.044,0.012,0.032,0.046,0.862
20190910_sample_4,Vip,Vip,0.834,0.002,0.0,0.0,0.024,0.006,0.108,0.026,0.834
20190910_sample_6,Vip,Vip,0.596,0.006,0.006,0.0,0.052,0.1,0.02,0.22,0.596
20190911_sample_4,IT,CT,0.62,0.62,0.016,0.334,0.002,0.014,0.0,0.002,0.012
20190911_sample_9,CT,IT,0.618,0.28,0.088,0.618,0.002,0.006,0.0,0.006,0.0
20190912_sample_1,CT,CT,0.824,0.824,0.016,0.136,0.004,0.008,0.0,0.006,0.006
20190912_sample_2,CT,CT,0.45,0.45,0.088,0.408,0.006,0.014,0.0,0.016,0.018
20190912_sample_3,CT,CT,0.512,0.512,0.068,0.332,0.006,0.024,0.0,0.04,0.018
20190912_sample_4,Lamp5,Lamp5,0.466,0.006,0.0,0.0,0.466,0.132,0.022,0.152,0.222
20190912_sample_8,CT,CT,0.852,0.852,0.028,0.078,0.004,0.014,0.002,0.006,0.016
20190912_sample_10,Pvalb,Lamp5,0.676,0.002,0.0,0.0,0.676,0.184,0.032,0.064,0.042
20190917_sample_1,CT,CT,0.766,0.766,0.022,0.086,0.022,0.032,0.002,0.042,0.028
20190917_sample_2,Lamp5,Lamp5,0.752,0.0,0.002,0.002,0.752,0.098,0.024,0.058,0.064
20190917_sample_3,IT,IT,0.3,0.174,0.062,0.3,0.038,0.216,0.004,0.068,0.138
20190919_sample_4,Lamp5,Lamp5,0.752,0.002,0.002,0.0,0.752,0.094,0.028,0.056,0.066
20190919_sample_5,CT,IT,0.52,0.358,0.104,0.52,0.0,0.006,0.0,0.012,0.0
20190924_sample_1,Sst,Sst,0.43,0.004,0.006,0.0,0.15,0.154,0.042,0.43,0.214
20190924_sample_2,Sst,Sst,0.636,0.028,0.078,0.026,0.008,0.192,0.004,0.636,0.028
20190924_sample_3,IT,IT,0.866,0.118,0.012,0.866,0.0,0.002,0.0,0.0,0.002
20190924_sample_4,Sst,Sst,0.496,0.054,0.022,0.03,0.046,0.102,0.006,0.496,0.244
20190924_sample_5,Sst,Sst,0.56,0.006,0.0,0.006,0.12,0.226,0.004,0.56,0.078
20190924_sample_6,Sst,Sst,0.718,0.014,0.008,0.004,0.026,0.144,0.008,0.718,0.078
20190924_sample_7,Pvalb,Pvalb,0.586,0.0,0.002,0.008,0.028,0.586,0.008,0.32,0.048
20190924_sample_8,CT,CT,0.402,0.402,0.266,0.222,0.004,0.018,0.0,0.074,0.014
20190925_sample_2,Pvalb,Lamp5,0.382,0.016,0.006,0.01,0.382,0.322,0.028,0.16,0.076
20190925_sample_3,Sst,Sst,0.758,0.006,0.024,0.0,0.006,0.06,0.014,0.758,0.132
20190925_sample_4,CT,Sst,0.314,0.248,0.032,0.124,0.072,0.09,0.014,0.314,0.106
20190925_sample_5,Sst,Sst,0.458,0.002,0.008,0.006,0.062,0.37,0.004,0.458,0.09
20190925_sample_6,Pvalb,Pvalb,0.858,0.004,0.002,0.0,0.016,0.858,0.0,0.112,0.008
20190925_sample_7,Sst,Sst,0.856,0.004,0.004,0.0,0.008,0.016,0.002,0.856,0.11
20190926_sample_2,ET,IT,0.556,0.12,0.282,0.556,0.006,0.014,0.0,0.01,0.012
20190926_sample_3,Sst,Sst,0.536,0.046,0.084,0.026,0.01,0.218,0.0,0.536,0.08
20190926_sample_4,ET,Sst,0.366,0.072,0.15,0.086,0.014,0.272,0.0,0.366,0.04
20190926_sample_5,Pvalb,Pvalb,0.91,0.002,0.002,0.0,0.01,0.91,0.006,0.058,0.012
20190926_sample_6,Sst,Sst,0.626,0.01,0.006,0.004,0.036,0.09,0.038,0.626,0.19
20190927_sample_1,IT,IT,0.852,0.122,0.022,0.852,0.0,0.0,0.0,0.004,0.0
20190927_sample_2,CT,IT,0.68,0.26,0.046,0.68,0.0,0.0,0.0,0.006,0.008
20190927_sample_3,Pvalb,Pvalb,0.912,0.0,0.0,0.0,0.012,0.912,0.0,0.07,0.006
20190927_sample_4,IT,IT,0.712,0.244,0.032,0.712,0.002,0.002,0.0,0.006,0.002
20190927_sample_5,Pvalb,Pvalb,0.894,0.0,0.01,0.048,0.0,0.894,0.0,0.048,0.0
20190927_sample_6,Vip,Vip,0.398,0.006,0.004,0.002,0.31,0.086,0.042,0.152,0.398
20190927_sample_7,CT,CT,0.65,0.65,0.01,0.29,0.004,0.008,0.0,0.014,0.024
20191001_sample_1,Sst,Sst,0.752,0.002,0.002,0.002,0.076,0.052,0.018,0.752,0.096
20191001_sample_3,Sst,Sst,0.488,0.004,0.002,0.006,0.088,0.04,0.02,0.488,0.352
20191001_sample_4,Pvalb,Lamp5,0.36,0.004,0.002,0.002,0.36,0.124,0.052,0.284,0.172
20191001_sample_5,Sst,Sst,0.734,0.002,0.002,0.0,0.024,0.02,0.026,0.734,0.192
20191001_sample_6,Sst,Sst,0.898,0.0,0.002,0.002,0.012,0.04,0.0,0.898,0.046
20191003_sample_3,Sst,Sst,0.784,0.008,0.008,0.0,0.012,0.096,0.004,0.784,0.088
20191003_sample_4,Sst,Sst,0.444,0.0,0.002,0.002,0.074,0.422,0.002,0.444,0.054
20191003_sample_5,Sst,Sst,0.904,0.0,0.002,0.0,0.018,0.028,0.01,0.904,0.038
20191003_sample_6,CT,CT,0.332,0.332,0.254,0.116,0.004,0.052,0.002,0.214,0.026
20191010_sample_1,IT,IT,0.6,0.22,0.128,0.6,0.002,0.018,0.002,0.016,0.014
20191010_sample_2,Sst,Pvalb,0.648,0.002,0.006,0.002,0.004,0.648,0.002,0.328,0.008
20191010_sample_3,IT,IT,0.85,0.114,0.03,0.85,0.0,0.004,0.0,0.002,0.0
20191010_sample_4,Pvalb,Pvalb,0.484,0.006,0.004,0.004,0.09,0.484,0.01,0.366,0.036
20191010_sample_6,Pvalb,Pvalb,0.826,0.0,0.002,0.002,0.006,0.826,0.004,0.158,0.002
20191010_sample_7,ET,Pvalb,0.176,0.15,0.168,0.14,0.086,0.176,0.004,0.16,0.116
20191028_sample_1,Sst,Sst,0.674,0.036,0.03,0.014,0.008,0.176,0.0,0.674,0.062
20191028_sample_2,Sst,Sst,0.404,0.044,0.004,0.026,0.058,0.076,0.032,0.404,0.356
20191028_sample_3,Pvalb,Pvalb,0.542,0.01,0.002,0.002,0.14,0.542,0.01,0.21,0.084
20191030_sample_2,Sst,Sst,0.404,0.04,0.016,0.018,0.044,0.274,0.006,0.404,0.198
20191030_sample_3,ET,ET,0.612,0.13,0.612,0.192,0.004,0.02,0.0,0.034,0.008
20191030_sample_5,Sst,Pvalb,0.472,0.0,0.006,0.0,0.07,0.472,0.006,0.412,0.034
20191101_sample_1,Lamp5,Lamp5,0.886,0.0,0.0,0.002,0.886,0.03,0.012,0.012,0.058
20191101_sample_2,CT,CT,0.576,0.576,0.048,0.336,0.004,0.008,0.0,0.02,0.008
20191101_sample_3,Lamp5,Vip,0.458,0.002,0.0,0.002,0.212,0.058,0.036,0.232,0.458
20191101_sample_4,CT,IT,0.546,0.41,0.032,0.546,0.0,0.002,0.0,0.01,0.0
20191101_sample_5,CT,CT,0.778,0.778,0.06,0.074,0.014,0.024,0.0,0.038,0.012
20191101_sample_6,CT,IT,0.602,0.196,0.092,0.602,0.016,0.016,0.002,0.048,0.028
20191104_sample_1,Sst,Sst,0.488,0.018,0.002,0.004,0.078,0.258,0.008,0.488,0.144
20191104_sample_2,Lamp5,Vip,0.632,0.006,0.004,0.002,0.118,0.11,0.018,0.11,0.632
20191104_sample_4,Pvalb,Pvalb,0.842,0.004,0.032,0.0,0.006,0.842,0.0,0.11,0.006
20191105_sample_1,Pvalb,Pvalb,0.266,0.002,0.002,0.0,0.23,0.266,0.04,0.216,0.244
20191105_sample_2,IT,CT,0.302,0.302,0.108,0.242,0.022,0.064,0.016,0.158,0.088
20191105_sample_3,Sst,Sst,0.83,0.0,0.002,0.008,0.004,0.092,0.006,0.83,0.058
20191105_sample_4,Pvalb,Sst,0.608,0.004,0.006,0.002,0.04,0.306,0.004,0.608,0.03
20191105_sample_5,Sst,Sst,0.89,0.0,0.0,0.0,0.02,0.064,0.006,0.89,0.02
20191106_sample_2,Lamp5,Lamp5,0.94,0.0,0.0,0.0,0.94,0.004,0.016,0.004,0.036
20191106_sample_3,IT,IT,0.62,0.364,0.016,0.62,0.0,0.0,0.0,0.0,0.0
20191106_sample_5,Lamp5,Lamp5,0.836,0.0,0.0,0.0,0.836,0.028,0.022,0.022,0.092
20191107_sample_2,Sst,Sst,0.744,0.004,0.006,0.002,0.066,0.116,0.01,0.744,0.052
20191107_sample_3,Sst,Sst,0.78,0.002,0.002,0.0,0.054,0.044,0.016,0.78,0.102
20191107_sample_4,Sst,Sst,0.818,0.006,0.012,0.002,0.018,0.076,0.002,0.818,0.066
20191108_sample_1,CT,CT,0.704,0.704,0.034,0.09,0.03,0.066,0.008,0.036,0.032
20191108_sample_4,CT,CT,0.826,0.826,0.022,0.104,0.008,0.014,0.0,0.016,0.01
20191108_sample_5,IT,IT,0.928,0.052,0.02,0.928,0.0,0.0,0.0,0.0,0.0
20191114_sample_1,Lamp5,Vip,0.328,0.002,0.004,0.004,0.314,0.166,0.052,0.13,0.328
20191114_sample_2,CT,CT,0.674,0.674,0.008,0.15,0.016,0.036,0.004,0.066,0.046
20191114_sample_3,IT,IT,0.73,0.16,0.074,0.73,0.004,0.004,0.002,0.02,0.006
20191114_sample_4,Sst,Sst,0.404,0.002,0.0,0.0,0.126,0.148,0.016,0.404,0.304
20191114_sample_7,IT,IT,0.478,0.114,0.338,0.478,0.006,0.026,0.002,0.03,0.006
20191114_sample_8,IT,IT,0.724,0.156,0.1,0.724,0.0,0.002,0.0,0.006,0.012
20191114_sample_9,ET,Sst,0.27,0.122,0.136,0.162,0.076,0.118,0.014,0.27,0.102
20200106_sample_1,Lamp5,Lamp5,0.85,0.002,0.002,0.0,0.85,0.056,0.018,0.026,0.046
20200106_sample_4,IT,IT,0.774,0.212,0.012,0.774,0.0,0.0,0.0,0.002,0.0
20200106_sample_5,IT,CT,0.524,0.524,0.06,0.376,0.006,0.01,0.0,0.014,0.01
20200106_sample_6,IT,IT,0.968,0.032,0.0,0.968,0.0,0.0,0.0,0.0,0.0
20200225_sample_2,IT,IT,0.722,0.124,0.112,0.722,0.002,0.008,0.002,0.022,0.008
20200225_sample_5,Sncg,Lamp5,0.474,0.0,0.0,0.0,0.474,0.07,0.058,0.11,0.288
20200316_sample_1,ET,IT,0.574,0.384,0.036,0.574,0.002,0.0,0.0,0.004,0.0
20200316_sample_3,Pvalb,Pvalb,0.85,0.0,0.008,0.0,0.02,0.85,0.002,0.112,0.008
