cell_id,RNA_family,y_true,y_pred,y_pred_train_space
20171204_sample_2,ET,16.0,31.920884591709363,3.494107246398926
20171204_sample_4,IT,15.0,9.985347483441913,2.396562337875366
20171204_sample_5,IT,19.0,19.52845968193775,3.0218122005462646
20171204_sample_6,ET,21.0,15.992758374212698,2.832787275314331
20171207_sample_1,ET,31.0,17.459516449979624,2.9155800342559814
20171207_sample_2,ET,48.0,16.361431166773666,2.8542511463165283
20171207_sample_6,IT,28.0,21.368636394098964,3.1076598167419434
20171207_sample_7,IT,29.0,12.185836825053899,2.5791432857513428
20171219_sample_1,IT,12.0,10.69334247885468,2.459019660949707
20171219_sample_2,IT,18.0,15.715850051560013,2.816357374191284
20171219_sample_3,IT,11.0,12.52697423486592,2.6046857833862305
20171219_sample_4,ET,22.0,18.88645549816809,2.9900388717651367
20171219_sample_6,ET,26.0,16.92061128789065,2.885951519012451
20171219_sample_7,IT,17.0,13.643226042189323,2.6839778423309326
20171219_sample_8,ET,14.0,25.21605384802896,3.266371965408325
20180102_sample_1,ET,9.0,19.332374572593128,3.012214422225952
20180102_sample_2,IT,14.0,12.751568327741843,2.621152877807617
20180102_sample_3,ET,18.0,18.649228443568973,2.9780380725860596
20180102_sample_4,ET,16.0,13.727416952897043,2.689710855484009
20180102_sample_5,IT,11.0,23.092187712741584,3.181887626647949
20180103_sample_1,ET,16.0,21.059541549499357,3.093745231628418
20180103_sample_2,ET,24.0,15.271030756664924,2.78938627243042
20180103_sample_3,ET,25.0,22.350420134913143,3.1506149768829346
20180103_sample_4,low quality,25.0,24.981457438251766,3.257383108139038
20180103_sample_5,IT,18.0,12.092681794461964,2.5720534324645996
20180103_sample_6,IT,20.0,13.823146034534352,2.6961898803710938
20180103_sample_7,IT,22.0,14.130238766674598,2.7166953086853027
20180103_sample_8,IT,25.0,12.998575761363972,2.638955593109131
20180104_sample_1,low quality,14.0,20.778958553064932,3.080944299697876
20180104_sample_2,IT,26.0,11.009310801633344,2.485682249069214
20180104_sample_3,IT,14.0,15.378780946655484,2.7959866523742676
20180104_sample_4,low quality,19.0,23.303391108745398,3.1906158924102783
20180104_sample_6,ET,21.0,22.91882221742901,3.174665689468384
20180105_sample_4,IT,20.0,11.91286321227341,2.5582239627838135
20180105_sample_5,IT,13.0,22.253696518080915,3.1464641094207764
20180105_sample_6,IT,16.0,13.010215194229435,2.639786720275879
20180108_sample_1,IT,13.0,14.06596319581619,2.7124381065368652
20180108_sample_2,low quality,16.0,21.465620441460526,3.1119861602783203
20180108_sample_3,IT,19.0,22.46675672412505,3.1555848121643066
20180108_sample_4,ET,20.0,29.12600740532303,3.405388832092285
20180108_sample_5,ET,16.0,26.31998861600112,3.3076186180114746
20180108_sample_7,IT,15.0,12.518301545743228,2.6040444374084473
20180108_sample_8,ET,28.0,17.216347975255868,2.9023194313049316
20180108_sample_9,IT,29.0,17.56378119465676,2.9212124347686768
20180108_sample_10,ET,22.0,25.95959917159802,3.294339418411255
20180109_sample_1,IT,17.0,13.09260102948832,2.6456499099731445
20180109_sample_2,IT,21.0,14.065417220867445,2.712401866912842
20180109_sample_5,IT,17.0,12.570188261860341,2.607875347137451
20180110_sample_1,IT,19.0,11.28330688289844,2.5082411766052246
20180110_sample_2,IT,16.0,13.155967015042062,2.6501362323760986
20180110_sample_3,IT,13.0,15.981661192618024,2.8321340084075928
20180110_sample_4,IT,17.0,20.2657220146713,3.057096481323242
20180110_sample_5,IT,14.0,14.798791846212263,2.7599334716796875
20180110_sample_7,IT,17.0,9.343502524949264,2.3363585472106934
20180110_sample_8,ET,18.0,21.88607594812405,3.130528688430786
20180111_sample_5,IT,24.0,11.33344940152551,2.512315034866333
20180115_sample_2,IT,7.0,21.87301144310436,3.129957675933838
20180115_sample_5,IT,11.0,14.254121074310971,2.7248497009277344
20180115_sample_6,low quality,17.0,18.74128777742947,2.9827122688293457
20180115_sample_7,IT,17.0,16.873512256959234,2.883319854736328
20180115_sample_8,IT,16.0,16.339320764907896,2.8529767990112305
20180115_sample_9,IT,23.0,12.661779123020342,2.6146020889282227
20180118_sample_1,IT,15.0,15.536895366923297,2.805593967437744
20180118_sample_2,IT,17.0,11.690252618981646,2.5408341884613037
20180118_sample_4,IT,22.0,17.90777190687894,2.939573049545288
20180118_sample_6,IT,21.0,14.187740377168744,2.7204885482788086
20180118_sample_7,ET,16.0,25.326222871407975,3.2705655097961426
20180118_sample_10,ET,29.0,22.671201799058668,3.164259195327759
20180123_sample_1,ET,12.0,20.81024509668523,3.0823798179626465
20180123_sample_3,ET,17.0,28.154099822823753,3.3725955486297607
20180123_sample_5,ET,13.0,37.24462067477209,3.644002914428711
20180123_sample_6,ET,19.0,18.61185169509464,2.9761340618133545
20180123_sample_7,ET,14.0,24.983916756119495,3.2574777603149414
20180208_sample_1,low quality,11.0,21.96672787782808,3.1340465545654297
20180208_sample_2,ET,17.0,23.150018928314047,3.1842851638793945
20180208_sample_3,ET,19.0,17.685841250028943,2.9277660846710205
20180208_sample_4,IT,26.0,14.22010707822204,2.7226173877716064
20180208_sample_5,IT,27.0,14.455731244843749,2.7379798889160156
20180213_sample_3,ET,16.0,17.837034853439206,2.9358248710632324
20180213_sample_5,Pvalb,121.0,71.62178668355135,4.28526496887207
20180215_sample_1,Pvalb,50.0,62.549324496803855,4.151816368103027
20180220_sample_1,Sst,44.0,19.11885122730979,3.001657247543335
20180220_sample_2,IT,12.0,15.949350606603224,2.8302295207977295
20180225_sample_1,IT,9.0,11.850992176092653,2.5534210205078125
20180225_sample_2,IT,15.0,10.073541991036235,2.4045586585998535
20180225_sample_3,IT,10.0,18.93430052881694,2.9924418926239014
20180225_sample_4,IT,14.0,7.443642502712999,2.133413791656494
20180225_sample_5,ET,14.0,16.029771605263786,2.834963083267212
20180225_sample_7,Pvalb,110.0,90.44276110793857,4.515713214874268
20180228_sample_3,IT,4.0,13.69031782379021,2.6871886253356934
20180306_sample_1,Pvalb,102.0,40.78651783349035,3.7325737476348877
20180306_sample_2,IT,14.0,14.511137485880944,2.741558313369751
20180306_sample_3,IT,18.0,14.405212481693157,2.734705924987793
20180306_sample_5,IT,10.0,10.938725374373092,2.4797873497009277
20180309_sample_4,IT,7.0,12.296062102385983,2.587467908859253
20180309_sample_6,IT,15.0,17.060703635562618,2.8937385082244873
20180309_sample_7,IT,15.0,13.816775397413284,2.6957600116729736
20180309_sample_8,IT,10.0,14.545153270784173,2.743748903274536
20180313_sample_1,low quality,2.0,22.40814502261452,3.1530840396881104
20180313_sample_2,ET,10.0,22.86199976781458,3.1722872257232666
20180313_sample_3,ET,5.0,14.16267813784755,2.718837022781372
20180313_sample_7,IT,8.0,13.337462841209925,2.6628758907318115
20180313_sample_8,low quality,6.0,19.690122453296322,3.029656410217285
20180313_sample_9,Pvalb,135.0,46.61258851420568,3.8630971908569336
20180315_sample_1,ET,7.0,20.512656238140885,3.068641424179077
20180315_sample_2,low quality,14.0,16.17131503486919,2.843240261077881
20180315_sample_5,IT,7.0,10.120376479140067,2.4087791442871094
20180315_sample_6,IT,79.0,17.683627220501265,2.927647590637207
20180321_sample_2,IT,11.0,16.184330571715616,2.8439979553222656
20180321_sample_3,IT,14.0,13.460114133162948,2.671394109725952
20180321_sample_4,IT,21.0,11.263423369973797,2.5066211223602295
20180321_sample_8,ET,32.0,27.542288242232846,3.351386785507202
20180321_sample_9,ET,16.0,22.489701473341192,3.156562089920044
20180322_sample_1,IT,8.0,6.790037832957443,2.0528457164764404
20180322_sample_2,IT,12.0,7.589867124171009,2.150583267211914
20180322_sample_3,IT,16.0,21.87204076724345,3.129915237426758
20180322_sample_4,IT,10.0,13.012299693738512,2.6399354934692383
20180322_sample_5,IT,14.0,17.184033487614684,2.9005439281463623
20180322_sample_6,ET,27.0,21.484230301727163,3.11281418800354
20180322_sample_7,ET,26.0,21.48041383699906,3.1126444339752197
20180327_sample_1,Pvalb,67.0,62.07826632230178,4.144376277923584
20180327_sample_2,Pvalb,89.0,97.03235571469746,4.585297584533691
20180327_sample_3,IT,15.0,15.784879297804654,2.8204784393310547
20180327_sample_4,Pvalb,61.0,85.62420871064882,4.461579322814941
20180327_sample_5,Pvalb,105.0,89.95748404332046,4.510392189025879
20180327_sample_6,IT,17.0,14.692571036568982,2.753187417984009
20180329_sample_1,IT,14.0,12.72613332203287,2.6193015575408936
20180329_sample_2,IT,15.0,19.029701054334335,2.99721622467041
20180329_sample_3,IT,15.0,17.29048776085346,2.906381130218506
20180329_sample_4,ET,14.0,34.314827607927384,3.564302921295166
20180329_sample_5,IT,9.0,7.779576142179263,2.1724281311035156
20180329_sample_6,IT,17.0,13.98384110255263,2.706972360610962
20180329_sample_7,low quality,7.0,16.840755273044678,2.8814854621887207
20180329_sample_8,IT,10.0,12.774876162425018,2.6228463649749756
20180403_sample_5,IT,3.0,15.003754224382138,2.7728233337402344
20180403_sample_6,ET,19.0,22.848867149276515,3.171736717224121
20180403_sample_7,IT,12.0,13.746042067513207,2.690974712371826
20180404_sample_1,Pvalb,49.0,53.551152097976356,3.999138832092285
20180404_sample_2,Pvalb,59.0,40.54020203779757,3.7266616821289062
20180404_sample_3,IT,17.0,10.522746783299924,2.4443230628967285
20180404_sample_4,Pvalb,77.0,52.681015292566855,3.9830594062805176
20180404_sample_5,Pvalb,126.0,62.758240489353305,4.1550984382629395
20180404_sample_7,IT,12.0,15.215152275671079,2.7859461307525635
20180405_sample_1,ET,21.0,16.27329838701733,2.8491618633270264
20180405_sample_2,IT,13.0,10.20264970918304,2.4161503314971924
20180405_sample_3,IT,12.0,12.417368009000123,2.5965499877929688
20180410_sample_1,Pvalb,60.0,74.09988639259238,4.318819046020508
20180410_sample_3,IT,12.0,13.463100028245279,2.671600580215454
20180410_sample_4,IT,7.0,8.35369244455899,2.2357711791992188
20180410_sample_5,IT,10.0,10.450873390148667,2.438066005706787
20180410_sample_6,IT,16.0,9.364386643383416,2.3383755683898926
20180410_sample_9,Pvalb,112.0,112.5813306350879,4.732519149780273
20180411_sample_1,IT,9.0,10.92881827390895,2.478957176208496
20180411_sample_3,IT,16.0,12.381932134067654,2.593905448913574
20180411_sample_4,Pvalb,50.0,46.94794749995356,3.8701159954071045
20180411_sample_5,Pvalb,115.0,78.06035920113332,4.370211601257324
20180412_sample_1,IT,9.0,16.024571265364937,2.834657669067383
20180412_sample_2,Pvalb,70.0,78.04347189013737,4.369997978210449
20180412_sample_3,IT,3.0,13.713845052516142,2.688788890838623
20180412_sample_4,IT,7.0,12.449254582902693,2.598923683166504
20180412_sample_7,IT,9.0,24.779403350375585,3.2495758533477783
20180413_sample_2,Pvalb,90.0,71.87988225351994,4.288812637329102
20180413_sample_3,Pvalb,61.0,71.64949498126236,4.285646438598633
20180413_sample_4,IT,7.0,12.480715534121636,2.601260185241699
20180417_sample_1,Vip,8.0,17.56993871255693,2.921544075012207
20180417_sample_2,Pvalb,66.0,69.63918710638862,4.257585048675537
20180417_sample_3,IT,12.0,11.110128373484178,2.494042158126831
20180417_sample_4,Pvalb,68.0,58.68449237711695,4.089072227478027
20180417_sample_5,IT,9.0,14.23765859844848,2.7237699031829834
20180417_sample_6,IT,10.0,13.878121909040948,2.6998918056488037
20180417_sample_7,Pvalb,63.0,69.91403795557878,4.261468410491943
20180417_sample_8,Sst,38.0,26.483098471070694,3.3135712146759033
20180417_sample_9,IT,13.0,10.859378871209902,2.473119020462036
20180418_sample_1,Pvalb,59.0,44.381486981193426,3.8151042461395264
20180418_sample_2,Pvalb,51.0,55.21568359658666,4.029195785522461
20180418_sample_3,Pvalb,47.0,56.53949823051154,4.05247163772583
20180418_sample_5,IT,13.0,13.62545606418438,2.6827635765075684
20180418_sample_6,IT,15.0,11.882736714815819,2.5558881759643555
20180420_sample_2,low quality,7.0,11.802258261338018,2.54962158203125
20180420_sample_3,IT,11.0,23.782998438618012,3.210157871246338
20180420_sample_4,IT,8.0,10.458880844625146,2.438765048980713
20180424_sample_1,IT,6.0,16.605981240404034,2.868238687515259
20180424_sample_2,IT,4.0,14.500209625350747,2.7408535480499268
20180424_sample_3,IT,2.0,10.831064248614432,2.470728635787964
20180424_sample_6,IT,6.0,10.122927326451942,2.409008502960205
20180425_sample_2,IT,14.0,12.143053946865075,2.5758934020996094
20180425_sample_3,Pvalb,69.0,44.842714767746116,3.825216293334961
20180425_sample_4,IT,5.0,11.254637491816672,2.50590443611145
20180425_sample_5,Sncg,13.0,19.93590775722352,3.0414657592773438
20180425_sample_7,Pvalb,86.0,46.55813139739694,3.861952781677246
20180425_sample_8,Vip,16.0,16.2250379708585,2.8463640213012695
20180425_sample_9,IT,10.0,22.61249605668421,3.161776065826416
20180426_sample_1,ET,10.0,20.963100899739636,3.0893638134002686
20180426_sample_3,IT,10.0,8.638552214931106,2.26577091217041
20180426_sample_4,IT,13.0,14.658299871232476,2.7510011196136475
20180426_sample_5,Pvalb,74.0,53.00098179474724,3.989002227783203
20180426_sample_7,IT,11.0,10.127815875190995,2.4094479084014893
20180426_sample_9,Pvalb,81.0,34.35317493754549,3.5653882026672363
20180501_sample_2,IT,8.0,10.265541457001065,2.421748638153076
20180501_sample_3,IT,16.0,15.612598481155985,2.8101613521575928
20180501_sample_4,IT,9.0,12.12972119914393,2.574878454208374
20180501_sample_5,IT,6.0,15.642882235859451,2.8119826316833496
20180501_sample_6,low quality,18.0,23.874112649236253,3.213827610015869
20180501_sample_7,low quality,92.0,27.328280771845076,3.343860626220703
20180501_sample_8,Lamp5,28.0,28.19257745485868,3.3739144802093506
20180502_sample_1,low quality,62.0,39.95746909806783,3.712534189224243
20180502_sample_2,low quality,12.0,23.196944574765748,3.1862263679504395
20180502_sample_3,IT,15.0,12.930409873001338,2.6340742111206055
20180502_sample_4,IT,5.0,14.398107080857121,2.7342445850372314
20180508_sample_1,Pvalb,96.0,54.120882490775,4.009528636932373
20180508_sample_2,IT,19.0,21.930223085584256,3.132455825805664
20180508_sample_3,IT,12.0,12.00339944757047,2.5652108192443848
20180508_sample_4,IT,7.0,14.365427790547468,2.7321200370788574
20180509_sample_1,low quality,13.0,22.909859265958186,3.174290895462036
20180509_sample_2,IT,7.0,11.639973354680214,2.5368642807006836
20180509_sample_3,IT,10.0,16.113756473492195,2.8398826122283936
20180509_sample_4,IT,1.0,10.72535238897697,2.4617533683776855
20180509_sample_5,IT,13.0,13.302798635565395,2.6604552268981934
20180509_sample_7,IT,14.0,13.0932864734916,2.6456985473632812
20180509_sample_9,IT,12.0,8.91023099615862,2.293567657470703
20180510_sample_2,Pvalb,49.0,85.4863164305059,4.459986209869385
20180510_sample_3,IT,7.0,13.227349724877374,2.6551661491394043
20180510_sample_4,IT,5.0,10.285504724470282,2.4235191345214844
20180510_sample_5,IT,13.0,15.044610230983329,2.7753729820251465
20180510_sample_9,IT,18.0,12.772889372945762,2.622702121734619
20180515_sample_1,Pvalb,85.0,62.196403123625956,4.146247386932373
20180515_sample_6,Pvalb,73.0,39.85388600796865,3.7100019454956055
20180522_sample_1,IT,5.0,11.753204407051065,2.5457825660705566
20180522_sample_2,IT,10.0,12.05692977122087,2.569319009780884
20180522_sample_3,IT,12.0,15.613465908516957,2.810213565826416
20180522_sample_4,IT,10.0,14.068880186662604,2.7126317024230957
20180522_sample_5,Pvalb,77.0,84.31954011063979,4.446403503417969
20180522_sample_6,ET,18.0,17.635389197022874,2.925062417984009
20180522_sample_7,IT,9.0,13.684462903316478,2.6867899894714355
20180524_sample_5,low quality,67.0,25.149022954752446,3.2638118267059326
20180524_sample_8,IT,20.0,11.904962693256333,2.5576119422912598
20180524_sample_9,Pvalb,84.0,52.36224491035152,3.9771034717559814
20180529_sample_3,IT,19.0,14.179949898934389,2.719975471496582
20180608_sample_1,Lamp5,16.0,27.267061325913467,3.3416972160339355
20180608_sample_2,Pvalb,115.0,74.54197292785355,4.32468843460083
20180608_sample_3,IT,8.0,28.6114803582895,3.388162136077881
20180608_sample_5,Pvalb,82.0,89.24564517770484,4.502535343170166
20180619_sample_3,Pvalb,71.0,41.65752226841969,3.7532036304473877
20180619_sample_5,IT,9.0,12.482084790251891,2.6013617515563965
20180619_sample_7,Lamp5,14.0,25.571083596368357,3.2798235416412354
20180621_sample_1,IT,6.0,11.766696603901638,2.546839952468872
20180621_sample_2,IT,5.0,10.045876278742934,2.40205717086792
20180621_sample_3,Sncg,23.0,17.99705490685852,2.944283962249756
20180621_sample_4,IT,9.0,8.97531636416257,2.3001136779785156
20180621_sample_5,Vip,50.0,24.982498128737493,3.257423162460327
20180621_sample_7,Pvalb,95.0,60.004964026276426,4.110955238342285
20180621_sample_8,Pvalb,62.0,59.921999248453844,4.109594345092773
20180628_sample_2,Pvalb,96.0,39.609301248590576,3.7039971351623535
20180628_sample_3,Pvalb,90.0,49.68394084416474,3.9256091117858887
20180628_sample_4,low quality,72.0,21.624692983599274,3.119041919708252
20180628_sample_6,Pvalb,104.0,59.67493854947728,4.105530738830566
20180628_sample_7,Lamp5,16.0,18.911277460505584,2.991286277770996
20180703_sample_1,Pvalb,71.0,40.270298630519804,3.7201430797576904
20180703_sample_2,IT,6.0,16.384150011855574,2.8555588722229004
20180703_sample_3,low quality,14.0,30.810409139556207,3.4597935676574707
20180704_sample_1,Pvalb,67.0,51.11523661868764,3.9534573554992676
20180704_sample_2,Pvalb,87.0,60.008920317538326,4.111020088195801
20180704_sample_3,Pvalb,100.0,19.280576023558684,3.0096635818481445
20180704_sample_4,IT,24.0,15.134438582568556,2.7809560298919678
20180704_sample_5,Pvalb,98.0,53.486823322838724,3.9979588985443115
20180705_sample_1,Pvalb,64.0,43.25150294041649,3.789889335632324
20180705_sample_4,Pvalb,91.0,97.72089245106943,4.592296600341797
20180709_sample_2,IT,5.0,9.619195599759594,2.3626632690429688
20180709_sample_3,Lamp5,20.0,36.63270253726047,3.627873420715332
20180709_sample_4,IT,6.0,12.355948426911683,2.5919618606567383
20180709_sample_6,IT,11.0,20.492406158042954,3.067699670791626
20180710_sample_1,Pvalb,74.0,27.834147004939542,3.361560344696045
20180710_sample_2,Pvalb,64.0,68.64102572041811,4.243353843688965
20180710_sample_3,Pvalb,91.0,74.6137252310795,4.3256378173828125
20180710_sample_5,Pvalb,76.0,72.39168893659901,4.295810699462891
20180711_sample_1,Pvalb,51.0,48.52524351643131,3.902482509613037
20180711_sample_2,Sst,37.0,28.729772106973925,3.392148971557617
20180711_sample_3,Sst,20.0,24.562027273756126,3.241107940673828
20180711_sample_4,Sst,17.0,21.20152711756862,3.100161075592041
20180712_sample_2,low quality,13.0,22.898113308882333,3.173799514770508
20180712_sample_3,Sncg,20.0,16.776879226035142,2.877898693084717
20180712_sample_5,Pvalb,110.0,42.01646078566739,3.761582851409912
20180712_sample_11,Pvalb,19.0,65.57578299928785,4.198340892791748
20180712_sample_12,Pvalb,61.0,77.25430891341968,4.359963893890381
20180712_sample_13,IT,8.0,10.154287888382163,2.4118239879608154
20180712_sample_14,Pvalb,82.0,73.82968271020202,4.31521463394165
20180712_sample_15,Pvalb,48.0,83.91067706442213,4.4415998458862305
20180717_sample_1,Pvalb,53.0,54.54321516175743,4.0171613693237305
20180717_sample_2,Lamp5,26.0,24.558468355590048,3.240968704223633
20180717_sample_3,Pvalb,72.0,59.706309015096956,4.106047630310059
20180717_sample_4,Pvalb,86.0,59.50993230059294,4.102807521820068
20180717_sample_6,Pvalb,47.0,66.08255560641763,4.205924034118652
20180717_sample_7,ET,12.0,18.54545999929191,2.972743034362793
20180718_sample_2,Pvalb,53.0,58.821997447178106,4.091373443603516
20180718_sample_3,Pvalb,51.0,54.65517429490469,4.019175052642822
20180718_sample_4,Pvalb,81.0,101.37309791362539,4.628623962402344
20180719_sample_1,Pvalb,56.0,105.95958141215546,4.672451019287109
20180719_sample_4,Pvalb,59.0,69.84282669175825,4.260463714599609
20180720_sample_2,Sncg,9.0,19.702423852396397,3.0302507877349854
20180720_sample_3,Pvalb,43.0,61.726076606052466,4.138777256011963
20180720_sample_5,Lamp5,31.0,41.55662989583309,3.750835657119751
20180725_sample_3,IT,11.0,13.8989977458902,2.7012939453125
20180725_sample_4,low quality,13.0,25.30156087709712,3.2696282863616943
20180725_sample_6,Pvalb,98.0,46.63168594580516,3.8634982109069824
20180725_sample_7,IT,6.0,9.57833751121678,2.3588082790374756
20180725_sample_9,Lamp5,15.0,25.60508014589069,3.281102180480957
20180726_sample_3,Pvalb,86.0,59.989955724953,4.110709190368652
20180726_sample_4,Pvalb,119.0,60.35939719730753,4.116748332977295
20180726_sample_5,Pvalb,117.0,52.80749856972306,3.985412836074829
20180726_sample_6,Pvalb,99.0,40.45603446888474,3.7246334552764893
20180726_sample_7,Pvalb,114.0,47.125753221805354,3.8738174438476562
20180817_sample_2,Pvalb,116.0,58.810360235907595,4.091178894042969
20180817_sample_3,Pvalb,87.0,67.27503095785872,4.223544120788574
20180817_sample_4,Pvalb,43.0,45.993607750075036,3.8500115871429443
20180817_sample_5,Pvalb,102.0,42.296163229510896,3.768064022064209
20180817_sample_6,IT,6.0,18.786891714505977,2.9850196838378906
20180817_sample_7,Pvalb,51.0,86.30244517882056,4.469378471374512
20180820_sample_1,Sst,31.0,31.287608639746697,3.4746835231781006
20180820_sample_2,IT,12.0,13.196136316388348,2.6529698371887207
20180820_sample_3,Sst,24.0,19.864113472206316,3.0380306243896484
20180820_sample_4,Sst,20.0,22.878521069854106,3.1729793548583984
20180820_sample_5,Sst,23.0,47.79893190963102,3.8877084255218506
20180820_sample_6,IT,6.0,12.30759014969533,2.588334560394287
20180820_sample_7,Sst,46.0,41.919559312908596,3.7593276500701904
20180822_sample_1,Pvalb,74.0,51.508893807724796,3.96098256111145
20180822_sample_2,Pvalb,50.0,67.19323403109877,4.222345352172852
20180822_sample_3,Pvalb,76.0,49.77530557837433,3.927410125732422
20180822_sample_4,Pvalb,50.0,47.95517785503305,3.8909051418304443
20180822_sample_6,Pvalb,60.0,64.33228174670938,4.179486274719238
20180822_sample_7,Pvalb,79.0,75.75079725563208,4.340563774108887
20180828_sample_2,Pvalb,49.0,52.48276157087228,3.9793593883514404
20180828_sample_3,Pvalb,74.0,61.528294325795436,4.135619163513184
20180828_sample_4,IT,8.0,13.40116756517787,2.667309284210205
20180828_sample_5,Pvalb,126.0,79.37483317923743,4.3867011070251465
20180828_sample_6,Pvalb,61.0,68.05335686849477,4.234879493713379
20180828_sample_7,low quality,26.0,23.213172445225453,3.186896800994873
20180828_sample_8,IT,8.0,10.246128298269465,2.4200239181518555
20180829_sample_1,Sst,22.0,22.942688475410574,3.1756629943847656
20180829_sample_2,Sst,12.0,21.553171993979333,3.115875720977783
20180829_sample_3,Sst,25.0,19.708135409875617,3.030526638031006
20180829_sample_4,Sst,19.0,20.363037245246716,3.061662197113037
20180829_sample_5,Sst,33.0,33.23608258355183,3.53328013420105
20180829_sample_6,Sst,20.0,30.720633044074578,3.456967353820801
20180829_sample_7,Sst,18.0,26.388630268061394,3.3101279735565186
20180829_sample_8,IT,8.0,11.683812768168572,2.5403265953063965
20180830_sample_1,Pvalb,53.0,27.663592836206774,3.3556277751922607
20180830_sample_2,Pvalb,61.0,52.7639370936148,3.984602928161621
20180830_sample_5,Pvalb,92.0,53.73066962326443,4.002424240112305
20180830_sample_6,Pvalb,63.0,68.94447023641263,4.247701644897461
20180904_sample_1,Pvalb,55.0,53.56032210438642,3.9993069171905518
20180904_sample_2,Pvalb,55.0,60.35667622266521,4.116703987121582
20180904_sample_3,Pvalb,92.0,57.37450711112663,4.0668792724609375
20180904_sample_4,Pvalb,94.0,77.1533635573865,4.358673095703125
20180904_sample_5,Pvalb,95.0,52.17820054216235,3.9736485481262207
20180904_sample_6,Pvalb,67.0,52.82429396835043,3.985724925994873
20180904_sample_7,Pvalb,92.0,80.31540295485715,4.3983354568481445
20180904_sample_9,Pvalb,99.0,80.03616638394743,4.394895553588867
20180905_sample_1,Sst,15.0,19.327188285187415,3.0119593143463135
20180905_sample_2,Sst,24.0,31.335864722508216,3.4761769771575928
20180910_sample_2,Sst,22.0,22.28681844097884,3.1478874683380127
20180910_sample_3,Sst,21.0,21.328253337089034,3.1058528423309326
20180911_sample_1,Sst,15.0,25.69958921302628,3.2846481800079346
20180911_sample_2,Sst,31.0,27.141348754702463,3.337239980697632
20180911_sample_3,Sst,26.0,24.362291709606893,3.2332634925842285
20180911_sample_5,Sst,32.0,22.765604708624753,3.1682393550872803
20180911_sample_6,Sst,30.0,30.067091888592508,3.4361491203308105
20180912_sample_2,Pvalb,49.0,56.861601053998314,4.058053970336914
20180912_sample_3,Pvalb,118.0,81.24399518379812,4.4096903800964355
20180912_sample_6,Pvalb,80.0,63.359373871134515,4.164482593536377
20180913_sample_2,low quality,22.0,21.124622566158294,3.096691131591797
20180917_sample_1,Sst,13.0,19.180540136877394,3.004718780517578
20180917_sample_2,Pvalb,61.0,61.420513708238,4.133893966674805
20180917_sample_3,IT,13.0,14.157531160229125,2.7184975147247314
20180917_sample_4,Pvalb,49.0,56.59766655389034,4.0534820556640625
20180917_sample_5,Sst,37.0,27.822125842459556,3.3611433506011963
20180918_sample_1,Vip,19.0,33.543722403288385,3.5422258377075195
20180918_sample_2,Vip,19.0,28.088758432561708,3.370351791381836
20180918_sample_3,Vip,24.0,17.95400341177759,2.9420151710510254
20180920_sample_1,low quality,53.0,23.578776239019472,3.201883316040039
20180920_sample_2,Pvalb,71.0,57.93013538789029,4.076352596282959
20180920_sample_3,Pvalb,66.0,123.52663568241589,4.824519634246826
20180920_sample_4,Pvalb,87.0,58.34893075194584,4.083434104919434
20180921_sample_1,low quality,22.0,25.04852457070897,3.2599611282348633
20180921_sample_2,Pvalb,53.0,77.95961653730225,4.368936538696289
20180921_sample_3,Pvalb,82.0,60.17563731978755,4.113749027252197
20180925_sample_9,Pvalb,76.0,54.903196396477,4.023621559143066
20180926_sample_1,Pvalb,86.0,74.93971806723344,4.329939842224121
20180926_sample_3,Pvalb,61.0,53.180045137218556,3.9923126697540283
20180926_sample_4,low quality,104.0,35.311724372518796,3.5921406745910645
20180926_sample_7,Pvalb,98.0,77.58842578111462,4.364224433898926
20180926_sample_9,IT,7.0,12.624135250913533,2.6118428707122803
20180927_sample_1,Pvalb,84.0,60.93809071211834,4.126135349273682
20180927_sample_2,Pvalb,53.0,61.56632104719851,4.136227130889893
20180927_sample_3,low quality,80.0,38.02556699201252,3.664216995239258
20180927_sample_4,Pvalb,59.0,86.9773916424728,4.47707986831665
20180927_sample_5,Pvalb,116.0,74.79428976144165,4.3280229568481445
20180927_sample_7,Pvalb,124.0,84.60925006150312,4.449793338775635
20180927_sample_9,IT,14.0,13.242187562782275,2.6562085151672363
20180927_sample_10,low quality,76.0,22.170130920880663,3.1428639888763428
20181002_sample_1,low quality,39.0,26.46077013748119,3.312758445739746
20181002_sample_2,Pvalb,53.0,91.96035916417371,4.532173156738281
20181002_sample_3,Pvalb,63.0,61.24301344096327,4.131046295166016
20181002_sample_4,Pvalb,47.0,37.798069678694965,3.6583704948425293
20181002_sample_5,Pvalb,62.0,77.72006924058543,4.365898132324219
20181002_sample_6,Pvalb,90.0,58.264261677454435,4.082006454467773
20181002_sample_7,IT,12.0,11.547963985445154,2.5295584201812744
20181002_sample_8,Pvalb,48.0,74.27972642762698,4.321210861206055
20181002_sample_9,Sst,76.0,71.91818884041695,4.289338111877441
20181002_sample_10,Pvalb,69.0,66.97075826185785,4.2190775871276855
20181003_sample_1,low quality,16.0,23.757391435481903,3.2091240882873535
20181003_sample_2,Sst,12.0,15.662475703866416,2.813159227371216
20181003_sample_3,Sst,28.0,28.954660026757256,3.3996849060058594
20181003_sample_4,Sst,33.0,32.38194402631143,3.5080151557922363
20181003_sample_5,Sst,28.0,15.31275188824295,2.79194712638855
20181003_sample_6,Sst,13.0,20.144895222065923,3.051398515701294
20181003_sample_7,Sst,25.0,30.098565229965086,3.437161684036255
20181003_sample_8,Sst,33.0,53.01034261273368,3.98917555809021
20181003_sample_9,Sst,37.0,51.68116311749522,3.9642579555511475
20181003_sample_10,Sst,42.0,46.09475546523982,3.8521616458892822
20181004_sample_1,low quality,27.0,26.125045182393073,3.30045747756958
20181004_sample_3,Sst,26.0,44.61130582621243,3.820155620574951
20181004_sample_5,Sst,34.0,35.85367306696371,3.6069552898406982
20181004_sample_6,Sst,25.0,23.831823013431563,3.2121260166168213
20181004_sample_8,Sst,47.0,67.22754816812483,4.222848415374756
20181009_sample_2,Sst,20.0,34.496316152539315,3.5694289207458496
20181009_sample_3,Sst,24.0,23.225633504430203,3.187411308288574
20181009_sample_4,Sst,33.0,27.706090369317394,3.357109308242798
20181009_sample_5,Sst,28.0,30.617222026151296,3.453701972961426
20181009_sample_6,IT,14.0,9.030966287891143,2.3056769371032715
20181009_sample_7,Sst,26.0,32.718482888281294,3.5180461406707764
20181010_sample_1,Sst,30.0,38.14632010233639,3.667306423187256
20181010_sample_3,Sst,36.0,23.87429649388407,3.2138350009918213
20181010_sample_4,Sst,23.0,22.391408198855576,3.1523687839508057
20181010_sample_5,IT,8.0,9.280043451800452,2.330204486846924
20181010_sample_6,Sst,17.0,29.22952090057176,3.4088189601898193
20181010_sample_8,Sst,34.0,22.77387307655769,3.1685872077941895
20181010_sample_10,Sst,42.0,27.35282188188078,3.3447265625
20181011_sample_3,Sst,41.0,31.66569688590545,3.48632550239563
20181011_sample_4,Sst,17.0,24.80839324328082,3.250699758529663
20181011_sample_8,Sst,19.0,33.676525044150964,3.54606294631958
20181011_sample_9,Sst,35.0,27.990333094919492,3.366962432861328
20181011_sample_10,Sst,39.0,49.19091077486914,3.9158339500427246
20181109_sample_1,Sst,24.0,22.303430425762862,3.1486005783081055
20181109_sample_2,Sst,30.0,29.9097012005383,3.43107008934021
20181109_sample_3,Sst,24.0,28.306519545987737,3.377810001373291
20181109_sample_5,Sst,27.0,30.3038272957228,3.4437403678894043
20181109_sample_7,Sst,18.0,20.10673653409814,3.0495922565460205
20181109_sample_8,Sst,26.0,26.668751688188333,3.3203036785125732
20181109_sample_9,Sst,44.0,23.782389847181484,3.2101333141326904
20181109_sample_10,Sst,41.0,28.245340520014224,3.375720262527466
20181112_sample_1,low quality,23.0,17.209821441646508,2.901961088180542
20181112_sample_4,Sst,24.0,39.99368403442997,3.7134180068969727
20181112_sample_5,low quality,22.0,30.946044988061324,3.464048385620117
20181112_sample_6,Sst,27.0,24.049850820361705,3.220867872238159
20181112_sample_8,Sst,32.0,46.58181258489938,3.86245059967041
20181112_sample_11,Sst,32.0,31.7687790521231,3.489476203918457
20181114_sample_1,Pvalb,31.0,30.58711399063227,3.452749252319336
20181114_sample_2,Pvalb,88.0,43.53556188268627,3.796288013458252
20181114_sample_4,Pvalb,64.0,42.51093995411024,3.773012399673462
20181116_sample_2,Pvalb,78.0,65.42487599194632,4.196071624755859
20181116_sample_3,Pvalb,79.0,46.796420432836335,3.866950750350952
20181116_sample_4,Pvalb,78.0,65.29476072816286,4.194110870361328
20181116_sample_5,Pvalb,83.0,37.05247330066021,3.6389660835266113
20181116_sample_7,low quality,88.0,24.801742490686397,3.2504420280456543
20181116_sample_10,low quality,72.0,22.148679380272924,3.141937732696533
20181116_sample_12,Pvalb,81.0,81.1187922885378,4.408166885375977
20181121_sample_1,Sst,18.0,23.143870366658962,3.184030532836914
20181121_sample_2,Sst,21.0,24.4629713804282,3.237225294113159
20181121_sample_3,Pvalb,36.0,50.48424481987824,3.9412758350372314
20181121_sample_4,low quality,19.0,29.879243552992694,3.430084228515625
20181121_sample_5,Sst,7.0,32.057251351496,3.4982409477233887
20181121_sample_6,Sst,24.0,59.06286419639042,4.095391750335693
20181121_sample_7,Sst,39.0,28.106428007216675,3.3709590435028076
20181126_sample_2,Sst,29.0,51.33183496882232,3.9576048851013184
20181126_sample_6,Sst,15.0,28.661386631251407,3.389846086502075
20181127_sample_1,Sst,26.0,23.654904431327175,3.2049758434295654
20181127_sample_3,Sst,22.0,19.699122037108168,3.0300912857055664
20181127_sample_4,Sst,29.0,25.016535558212674,3.258732318878174
20181127_sample_5,Sst,30.0,31.064449580500177,3.467747926712036
20181127_sample_7,Sst,17.0,26.89884103101917,3.328585147857666
20181129_sample_1,Sst,25.0,32.47065990743691,3.510669231414795
20181129_sample_2,low quality,19.0,24.877802213376963,3.253385543823242
20181129_sample_3,Sst,8.0,27.52054770853828,3.3506247997283936
20181129_sample_4,Sst,27.0,20.70832541309703,3.077695846557617
20181129_sample_5,Sst,37.0,36.07171360636788,3.612854242324829
20181129_sample_6,Sst,14.0,22.928895291277737,3.175086736679077
20181203_sample_2,Sst,20.0,19.892526632641637,3.03939151763916
20181203_sample_3,Sst,31.0,23.597459273801746,3.2026431560516357
20181203_sample_4,Sst,43.0,19.827270869515267,3.0362632274627686
20181203_sample_5,Sst,25.0,24.070129179159288,3.22167706489563
20181203_sample_6,Pvalb,65.0,42.021835225270614,3.7617077827453613
20181203_sample_7,Sst,28.0,22.641061315693413,3.16298508644104
20181203_sample_8,Sst,49.0,42.59424873618435,3.7749252319335938
20181203_sample_9,Sst,23.0,21.47642117909933,3.112466812133789
20181203_sample_10,low quality,57.0,58.98775929342205,4.094140529632568
20181205_sample_1,Sst,24.0,34.58948869997233,3.5720503330230713
20181205_sample_2,Sst,38.0,34.708573561419314,3.5753908157348633
20181207_sample_1,Pvalb,52.0,50.346252650595915,3.938591957092285
20181207_sample_2,Pvalb,63.0,51.68932785936871,3.9644129276275635
20181207_sample_3,Pvalb,72.0,46.40487497343317,3.858725070953369
20181207_sample_4,Pvalb,75.0,66.39946583501428,4.210637092590332
20181207_sample_5,Pvalb,44.0,83.91419964272627,4.441641330718994
20181207_sample_6,low quality,80.0,23.471450271376387,3.19750714302063
20181207_sample_7,Pvalb,113.0,48.16775009347428,3.895237922668457
20181208_sample_1,low quality,28.0,21.756498431971668,3.1248507499694824
20181208_sample_2,Sst,29.0,26.410690816999587,3.3109331130981445
20181208_sample_3,Sst,25.0,13.981308466506949,2.706803321838379
20181208_sample_4,Sst,30.0,34.110158858184406,3.558490514755249
20181208_sample_5,Sst,19.0,24.67616244726092,3.24556303024292
20181208_sample_6,Sst,20.0,32.26777067794937,3.504589080810547
20181208_sample_7,Sst,20.0,21.054314320794685,3.093508243560791
20181208_sample_8,Sst,29.0,33.67216006420568,3.5459370613098145
20181208_sample_9,Sst,32.0,32.536943719188876,3.5126476287841797
20181208_sample_10,Sst,27.0,31.515266539004234,3.4817097187042236
20181211_sample_1,CT,15.0,26.561085150697807,3.3164048194885254
20181211_sample_2,Pvalb,40.0,46.31720583626373,3.8568739891052246
20181211_sample_4,Pvalb,75.0,50.62521715790885,3.9440102577209473
20181211_sample_5,low quality,90.0,24.784628225192627,3.2497785091400146
20181211_sample_6,Pvalb,74.0,81.68893469566855,4.415085792541504
20181211_sample_7,Pvalb,68.0,42.77996248512048,3.7791762351989746
20181211_sample_8,Pvalb,85.0,47.1365974430389,3.8740427494049072
20181211_sample_9,Pvalb,77.0,55.33173799461233,4.0312581062316895
20181213_sample_1,Sst,27.0,32.3725777438951,3.507734537124634
20181213_sample_2,Sst,5.0,35.429430143202666,3.595376968383789
20181213_sample_3,Sst,24.0,26.36183137871427,3.3091490268707275
20181213_sample_4,Sst,35.0,27.270606468709627,3.341822624206543
20181213_sample_5,IT,14.0,11.473962772006455,2.5236434936523438
20181213_sample_6,Sst,44.0,33.33908494831908,3.5362842082977295
20181213_sample_7,Sst,31.0,27.462251241475137,3.348578691482544
20181214_sample_1,low quality,9.0,33.61614204994703,3.5443201065063477
20181214_sample_2,Sst,32.0,28.09652700623975,3.3706188201904297
20190108_sample_1,Pvalb,64.0,78.49554247747078,4.375700950622559
20190108_sample_2,Vip,30.0,17.20638759168475,2.9017724990844727
20190108_sample_3,IT,13.0,15.191177660705906,2.784466505050659
20190108_sample_5,Vip,25.0,27.753339574240783,3.3587539196014404
20190108_sample_6,Lamp5,38.0,25.259329755243616,3.26802134513855
20190109_sample_2,Sst,20.0,42.12458105463788,3.7640931606292725
20190110_sample_1,Sst,32.0,36.06392763047182,3.6126441955566406
20190110_sample_3,Sst,49.0,29.68934071125291,3.423915386199951
20190110_sample_4,Sst,48.0,30.14201472444685,3.4385578632354736
20190110_sample_6,IT,21.0,12.85002884591401,2.6282873153686523
20190110_sample_7,IT,21.0,15.177386905105166,2.78361439704895
20190117_sample_1,Vip,10.0,29.703970698395572,3.424391984939575
20190117_sample_2,IT,13.0,11.395387748248101,2.517324447631836
20190117_sample_3,Sst,16.0,21.200616696109552,3.1001200675964355
20190117_sample_4,IT,19.0,14.4297117462593,2.736294984817505
20190117_sample_5,Sst,22.0,32.157386947425195,3.501265525817871
20190122_sample_1,Pvalb,102.0,66.80394948571505,4.216620445251465
20190122_sample_2,IT,1.0,9.860825815043496,2.385162353515625
20190122_sample_3,Pvalb,64.0,55.29819851189042,4.030662536621094
20190122_sample_5,Pvalb,94.0,72.87749278088108,4.302408218383789
20190122_sample_6,IT,1.0,9.823878186264185,2.3817546367645264
20190122_sample_9,Pvalb,75.0,28.79461404803633,3.3943276405334473
20190122_sample_10,Pvalb,75.0,31.18368435709664,3.4714596271514893
20190122_sample_11,low quality,92.0,24.28898315844053,3.2303688526153564
20190122_sample_12,Pvalb,98.0,47.93253975240948,3.8904426097869873
20190122_sample_13,Pvalb,64.0,88.64635109580331,4.495872497558594
20190122_sample_14,Pvalb,48.0,68.02126030388759,4.234414577484131
20190122_sample_16,Pvalb,56.0,67.23848027639815,4.223008632659912
20190122_sample_17,Pvalb,81.0,61.9681264964554,4.1426286697387695
20190123_sample_5,Pvalb,60.0,55.019567312043726,4.02570104598999
20190123_sample_7,Pvalb,38.0,49.21415499300853,3.91629695892334
20190123_sample_8,Pvalb,76.0,85.02073856082067,4.454588413238525
20190124_sample_4,Pvalb,78.0,37.6317297723187,3.65407395362854
20190128_sample_2,Pvalb,64.0,77.7627975449726,4.366440773010254
20190128_sample_3,low quality,78.0,33.09890135114599,3.5292651653289795
20190128_sample_4,Pvalb,97.0,60.77165221406758,4.123444557189941
20190128_sample_6,Lamp5,22.0,24.837064611942115,3.251810073852539
20190128_sample_7,Pvalb,119.0,61.76649820227027,4.139421463012695
20190128_sample_11,Pvalb,48.0,35.93494194237404,3.6091580390930176
20190128_sample_12,Pvalb,52.0,84.82354584950603,4.452293395996094
20190130_sample_2,low quality,70.0,23.121741602193442,3.1831135749816895
20190130_sample_3,Lamp5,12.0,37.434860830802,3.6489648818969727
20190130_sample_6,Pvalb,51.0,51.91468283195265,3.9686808586120605
20190130_sample_8,CT,16.0,15.817718358574671,2.8224329948425293
20190130_sample_9,Sst,28.0,35.5991384372643,3.600024700164795
20190130_sample_10,Sst,29.0,21.861682186639083,3.129462242126465
20190130_sample_15,Pvalb,76.0,67.08296035927883,4.22072696685791
20190130_sample_17,Sst,18.0,26.959642968117365,3.3307621479034424
20190130_sample_18,Sst,22.0,38.4183533628864,3.67423152923584
20190131_sample_1,Sst,16.0,26.455611461742272,3.312570571899414
20190131_sample_3,Pvalb,102.0,39.4615713764483,3.700352668762207
20190131_sample_4,Sst,26.0,25.840558789415827,3.289914131164551
20190131_sample_5,Sst,87.0,55.495074731357995,4.034153461456299
20190131_sample_6,Sst,25.0,35.834716460445414,3.606440782546997
20190131_sample_10,Sst,37.0,34.65393263794972,3.573859453201294
20190201_sample_2,Pvalb,68.0,61.62736122453389,4.137202262878418
20190201_sample_3,Pvalb,98.0,64.28289198963108,4.178730010986328
20190201_sample_4,Pvalb,116.0,70.49459475856933,4.269621849060059
20190201_sample_7,Pvalb,56.0,42.05107819309124,3.762387275695801
20190201_sample_8,Pvalb,58.0,66.92611059717976,4.218420505523682
20190201_sample_10,Pvalb,77.0,60.01927770660509,4.111189842224121
20190204_sample_1,Sst,29.0,36.175012387281015,3.6156368255615234
20190204_sample_2,CT,10.0,16.58168136882925,2.8668575286865234
20190204_sample_4,Sst,35.0,25.480501569419726,3.2764086723327637
20190204_sample_5,Sst,21.0,19.746523149014283,3.032378673553467
20190204_sample_6,Sst,28.0,20.807421697017976,3.0822503566741943
20190204_sample_7,Pvalb,57.0,65.0678610284208,4.190682411193848
20190204_sample_8,Pvalb,79.0,53.158838705233975,3.9919211864471436
20190204_sample_9,Pvalb,84.0,61.18578746496711,4.130126476287842
20190204_sample_10,Pvalb,95.0,64.07180373292402,4.1754913330078125
20190204_sample_11,Sst,38.0,34.25521590484233,3.5626134872436523
20190204_sample_14,Sst,32.0,43.809680220425406,3.802424192428589
20190204_sample_15,Sst,40.0,38.44053904389211,3.6747941970825195
20190204_sample_16,Sst,28.0,35.142676663541536,3.5874743461608887
20190204_sample_17,Sst,45.0,32.55739529107492,3.5132572650909424
20190204_sample_18,Sst,30.0,23.71541220224353,3.2074270248413086
20190204_sample_19,low quality,34.0,32.024362615303815,3.4972455501556396
20190204_sample_20,low quality,62.0,24.45250739353425,3.236814260482788
20190204_sample_21,Pvalb,83.0,49.63760783710926,3.924694538116455
20190204_sample_22,IT,5.0,12.54586704606075,2.606081485748291
20190204_sample_24,CT,12.0,11.550501176166732,2.5297605991363525
20190205_sample_1,Pvalb,50.0,37.428886637795415,3.6488094329833984
20190205_sample_2,Sst,18.0,28.39722095618553,3.3809001445770264
20190205_sample_3,low quality,25.0,27.43709335409351,3.3476943969726562
20190205_sample_4,Sst,23.0,32.38780227277498,3.508190631866455
20190205_sample_5,Sst,40.0,23.188079244453743,3.1858599185943604
20190205_sample_6,Sst,38.0,35.4194519245313,3.5951030254364014
20190205_sample_7,Pvalb,119.0,75.58748962020562,4.338433742523193
20190211_sample_1,Pvalb,60.0,65.23589408576376,4.193222522735596
20190211_sample_2,IT,21.0,10.005323248776278,2.39837908744812
20190211_sample_3,Pvalb,79.0,67.13326642333463,4.221465587615967
20190211_sample_4,IT,28.0,12.657278383787704,2.6142725944519043
20190211_sample_6,Pvalb,109.0,80.0285544535815,4.394801616668701
20190211_sample_8,Pvalb,61.0,29.846947821779253,3.4290378093719482
20190211_sample_9,Pvalb,56.0,69.95919461544091,4.2621049880981445
20190211_sample_11,Pvalb,102.0,44.62758798203387,3.820512533187866
20190211_sample_12,low quality,59.0,29.01939840625791,3.401843786239624
20190212_sample_1,Sst,28.0,31.115993716730213,3.4693541526794434
20190212_sample_4,Sst,67.0,26.4697412087096,3.3130850791931152
20190212_sample_5,Sst,23.0,22.38798978057803,3.1522226333618164
20190212_sample_6,Sst,23.0,26.65083413745377,3.3196558952331543
20190212_sample_7,Sst,36.0,25.813004810058764,3.2888870239257812
20190212_sample_8,Sst,25.0,26.885481162356353,3.328106164932251
20190213_sample_1,Pvalb,58.0,95.04377500277803,4.5648040771484375
20190213_sample_4,Pvalb,89.0,76.16546666784396,4.345952033996582
20190213_sample_7,Pvalb,57.0,64.58148023428501,4.183293342590332
20190213_sample_8,Pvalb,70.0,68.67008828311857,4.243771076202393
20190214_sample_1,Pvalb,66.0,46.97158260898745,3.8706088066101074
20190214_sample_2,Pvalb,93.0,58.80996096000944,4.091172218322754
20190214_sample_3,Pvalb,79.0,82.98136433807039,4.4305949211120605
20190214_sample_6,Pvalb,77.0,39.5679800947831,3.70297908782959
20190214_sample_9,Pvalb,77.0,61.77272382591617,4.139520645141602
20190218_sample_3,Sst,29.0,44.66559139857004,3.821345090866089
20190218_sample_4,Sst,31.0,28.74970351868437,3.3928191661834717
20190218_sample_5,Sst,38.0,33.79418096234289,3.549450159072876
20190219_sample_1,Vip,28.0,26.609266910585195,3.3181514739990234
20190219_sample_3,Sncg,20.0,22.237906702597467,3.145784854888916
20190219_sample_4,Vip,24.0,23.27978468811355,3.1896440982818604
20190219_sample_7,Vip,37.0,23.596327453023303,3.202597141265869
20190219_sample_8,IT,24.0,19.32891851624832,3.0120444297790527
20190221_sample_1,Sst,20.0,30.56535702761505,3.4520602226257324
20190221_sample_2,Sst,30.0,31.23017906459545,3.472903251647949
20190221_sample_4,Sst,43.0,43.09115406984316,3.786259174346924
20190221_sample_10,Sst,41.0,30.630258145095883,3.4541141986846924
20190221_sample_11,Pvalb,72.0,71.98877151622456,4.2903056144714355
20190222_sample_2,CT,12.0,14.714795712928515,2.7546026706695557
20190222_sample_3,IT,20.0,14.185426709188235,2.7203361988067627
20190222_sample_4,CT,14.0,15.786864321400431,2.820596694946289
20190222_sample_5,CT,11.0,13.804617665094959,2.694939136505127
20190222_sample_7,Vip,38.0,40.28195036846795,3.7204253673553467
20190222_sample_8,IT,20.0,10.06404948504965,2.403701066970825
20190226_sample_1,Pvalb,67.0,41.48662739256317,3.7491893768310547
20190226_sample_2,Lamp5,42.0,23.23902560440137,3.1879639625549316
20190226_sample_3,CT,8.0,12.59809299038676,2.6099295616149902
20190226_sample_5,IT,15.0,10.57573055861576,2.448910713195801
20190226_sample_6,IT,18.0,19.869033726244655,3.03826642036438
20190226_sample_7,Lamp5,48.0,26.28496795154112,3.306335926055908
20190226_sample_9,Pvalb,92.0,63.31262091488143,4.163755893707275
20190227_sample_1,Sst,22.0,31.8873944680734,3.493089437484741
20190227_sample_2,Sst,27.0,44.072244677417075,3.8082666397094727
20190227_sample_3,Sst,13.0,30.471484999203348,3.4490818977355957
20190227_sample_4,Sst,25.0,22.93805371806589,3.175469398498535
20190227_sample_5,Sst,28.0,23.910136544960878,3.2152748107910156
20190227_sample_6,Sst,16.0,27.629279710922848,3.3544299602508545
20190227_sample_7,Pvalb,94.0,60.530710004237,4.119536399841309
20190318_sample_3,Sst,26.0,35.08590024270711,3.585902214050293
20190318_sample_4,Sst,53.0,44.80789486927669,3.8244564533233643
20190318_sample_5,Sst,27.0,29.84582260602541,3.4290013313293457
20190318_sample_6,Sst,25.0,26.792035025121603,3.32474946975708
20190320_sample_4,IT,25.0,13.287771611700101,2.6594040393829346
20190320_sample_5,CT,17.0,8.389041389270414,2.2395431995391846
20190320_sample_6,CT,12.0,11.924379478622217,2.559115409851074
20190320_sample_9,IT,28.0,12.42878991974699,2.5974009037017822
20190321_sample_2,low quality,16.0,14.78529014114898,2.7590785026550293
20190321_sample_4,IT,18.0,7.726935356584687,2.166414260864258
20190321_sample_6,CT,9.0,13.72313731253277,2.689420223236084
20190322_sample_1,IT,12.0,10.943348845638976,2.4801745414733887
20190322_sample_2,IT,12.0,12.513683755215947,2.6037027835845947
20190322_sample_3,CT,1.0,15.679057819324663,2.8141539096832275
20190322_sample_4,CT,22.0,11.11207166855689,2.4942026138305664
20190325_sample_1,Lamp5,15.0,28.551214691525278,3.386124849319458
20190325_sample_2,low quality,88.0,33.33418124005462,3.5361413955688477
20190325_sample_3,IT,12.0,8.282853273766298,2.2281689643859863
20190325_sample_4,CT,16.0,9.635447074562837,2.364192485809326
20190325_sample_5,CT,10.0,12.827698226080784,2.626673698425293
20190325_sample_6,CT,21.0,16.88888112628891,2.8841793537139893
20190325_sample_7,IT,18.0,11.443323400453039,2.521184206008911
20190325_sample_9,CT,9.0,16.60805917156779,2.868356704711914
20190326_sample_1,CT,12.0,14.975360909671114,2.771047592163086
20190326_sample_2,Vip,20.0,17.428339068303355,2.9138896465301514
20190326_sample_3,Vip,37.0,15.856038129945858,2.824708938598633
20190326_sample_4,CT,37.0,21.11834102704174,3.096407175064087
20190327_sample_1,CT,16.0,19.175426250039475,3.004465341567993
20190327_sample_2,IT,13.0,15.453850466311149,2.8005595207214355
20190327_sample_4,CT,16.0,15.051229422369206,2.775785446166992
20190327_sample_7,Vip,6.0,24.838450657270823,3.251863718032837
20190328_sample_1,CT,16.0,22.464602782327166,3.1554930210113525
20190328_sample_2,CT,2.0,20.611920739024242,3.073245048522949
20190328_sample_3,CT,16.0,12.396073521294888,2.594961643218994
20190328_sample_4,CT,19.0,14.464935263196999,2.7385752201080322
20190328_sample_5,CT,2.0,15.611659809422513,2.8101048469543457
20190328_sample_6,CT,15.0,14.139202028366793,2.717287540435791
20190328_sample_8,IT,17.0,12.994157581537443,2.6386399269104004
20190328_sample_9,CT,17.0,24.048477217560638,3.220813035964966
20190329_sample_3,CT,14.0,15.553644560655268,2.8066062927246094
20190329_sample_4,CT,7.0,10.264628283121985,2.4216675758361816
20190329_sample_5,CT,18.0,18.67959026037208,2.9795820713043213
20190402_sample_2,CT,7.0,11.15386282258311,2.4976470470428467
20190402_sample_3,IT,22.0,19.249624950750082,3.00813627243042
20190402_sample_5,low quality,20.0,32.8208794900294,3.52107834815979
20190402_sample_6,Vip,9.0,24.033193505046032,3.220202684402466
20190403_sample_3,low quality,10.0,23.11857872032563,3.1829824447631836
20190403_sample_5,IT,27.0,13.035249667780857,2.6415719985961914
20190403_sample_6,Sst,12.0,38.05602293288826,3.664997100830078
20190403_sample_7,Sst,31.0,25.871087943244742,3.291050910949707
20190408_sample_1,Pvalb,71.0,75.78714730944424,4.341037273406982
20190408_sample_2,Sst,19.0,24.939468173458266,3.255765676498413
20190408_sample_5,Sst,42.0,22.52295204683637,3.1579766273498535
20190408_sample_6,Sst,23.0,23.10929374562301,3.1825973987579346
20190409_sample_2,low quality,22.0,26.004508094014444,3.296003818511963
20190409_sample_3,low quality,39.0,26.096029834135575,3.299387216567993
20190409_sample_4,Sst,20.0,17.315387373674035,2.9077415466308594
20190409_sample_5,CT,7.0,18.900618062044366,2.990750789642334
20190409_sample_7,Sst,22.0,25.518352435780553,3.277837038040161
20190409_sample_8,CT,23.0,15.414777737432303,2.7981820106506348
20190409_sample_9,IT,27.0,14.170571876986104,2.719357490539551
20190409_sample_10,CT,12.0,11.979490609329094,2.5633704662323
20190409_sample_11,IT,24.0,13.750458486115495,2.6912741661071777
20190410_sample_3,CT,42.0,21.03913924104282,3.092819929122925
20190410_sample_4,Sst,14.0,25.957304591301533,3.2942543029785156
20190410_sample_6,IT,11.0,11.684269408937617,2.540362596511841
20190410_sample_7,CT,20.0,13.734810073017547,2.6902127265930176
20190410_sample_10,CT,11.0,27.09244607265399,3.335500717163086
20190411_sample_1,CT,23.0,12.53980969676961,2.6056342124938965
20190411_sample_3,low quality,90.0,27.885139675272757,3.3633272647857666
20190411_sample_5,CT,29.0,15.070045884981994,2.7769570350646973
20190411_sample_6,Pvalb,53.0,78.58573509048193,4.376834869384766
20190411_sample_8,CT,34.0,17.080879929204112,2.89485502243042
20190412_sample_1,Pvalb,115.0,67.79470537906347,4.23112678527832
20190412_sample_3,IT,29.0,14.761101818923946,2.757544994354248
20190412_sample_6,Pvalb,47.0,39.82437374627499,3.7092792987823486
20190415_sample_1,Pvalb,52.0,71.69821793427307,4.286316871643066
20190415_sample_3,CT,15.0,12.10338992683974,2.572870969772339
20190415_sample_4,IT,8.0,12.26859685367821,2.585400104522705
20190415_sample_6,CT,8.0,10.121108263219938,2.4088449478149414
20190415_sample_8,Sst,13.0,35.4938114311089,3.5971426963806152
20190415_sample_10,IT,13.0,11.782534271311292,2.5480797290802
20190416_sample_3,CT,12.0,13.516207575655827,2.6752657890319824
20190416_sample_4,Pvalb,82.0,52.86260040480041,3.986436367034912
20190416_sample_5,Sst,48.0,27.812390245263988,3.3608055114746094
20190416_sample_6,IT,24.0,16.861516245644445,2.882648468017578
20190416_sample_7,Sncg,15.0,19.410868016183606,3.0160675048828125
20190416_sample_8,Pvalb,72.0,77.94090626750143,4.368699550628662
20190416_sample_9,IT,13.0,9.353329599495693,2.337308168411255
20190416_sample_10,CT,16.0,12.9127253889097,2.6328039169311523
20190417_sample_2,CT,8.0,14.444459460613906,2.737250328063965
20190417_sample_3,CT,11.0,19.726327118880018,3.031404733657837
20190417_sample_4,Sst,25.0,32.623538225711634,3.515226364135742
20190417_sample_5,Sst,64.0,32.58388808182524,3.5140464305877686
20190417_sample_9,CT,21.0,10.193006499579397,2.4152891635894775
20190417_sample_10,Sst,18.0,16.030271018902194,2.8349924087524414
20190418_sample_2,Sst,21.0,29.007641458593074,3.40145206451416
20190418_sample_4,CT,12.0,15.891674212215722,2.8268208503723145
20190418_sample_5,IT,14.0,10.923643222310167,2.4785232543945312
20190418_sample_7,CT,12.0,16.12268227975909,2.8404040336608887
20190418_sample_8,Pvalb,45.0,39.903601633380525,3.7112181186676025
20190418_sample_9,CT,19.0,19.692273313670075,3.0297603607177734
20190418_sample_10,CT,15.0,17.205775557482706,2.9017388820648193
20190422_sample_1,Pvalb,58.0,54.34867949532421,4.013652801513672
20190422_sample_4,Pvalb,68.0,34.67369341336112,3.574413537979126
20190422_sample_5,Pvalb,48.0,47.61836086011873,3.8840012550354004
20190422_sample_6,CT,19.0,13.378544814854223,2.6657371520996094
20190422_sample_7,IT,20.0,16.010224781217286,2.8338146209716797
20190422_sample_8,Pvalb,72.0,58.423320844830215,4.084686756134033
20190422_sample_10,CT,18.0,11.21340539147306,2.5025341510772705
20190423_sample_1,IT,18.0,13.144108699536693,2.6492981910705566
20190423_sample_3,CT,16.0,17.361868947637916,2.910276174545288
20190423_sample_5,CT,21.0,17.287409300724615,2.90621280670166
20190423_sample_7,CT,17.0,22.47518417266372,3.1559438705444336
20190423_sample_8,Pvalb,58.0,49.109963283944104,3.914219856262207
20190423_sample_10,Pvalb,54.0,74.88592776012655,4.329231262207031
20190424_sample_1,CT,7.0,13.801187198180983,2.6947073936462402
20190424_sample_2,Pvalb,47.0,74.9799227823438,4.330469131469727
20190424_sample_3,CT,11.0,13.256609190529236,2.6572206020355225
20190424_sample_4,CT,25.0,20.006261230208995,3.044820547103882
20190424_sample_5,CT,20.0,17.24839357871384,2.9040770530700684
20190424_sample_6,IT,13.0,10.36156424174736,2.4302361011505127
20190424_sample_7,Lamp5,26.0,34.51180678732862,3.5698652267456055
20190425_sample_1,IT,14.0,12.462558730708846,2.599912405014038
20190425_sample_4,Lamp5,16.0,29.398149731893046,3.414381742477417
20190425_sample_6,Sst,15.0,31.639531536304887,3.4855241775512695
20190425_sample_7,IT,21.0,12.658619983027776,2.614370822906494
20190425_sample_8,CT,16.0,18.531205597200223,2.972013473510742
20190425_sample_9,CT,29.0,25.975377287401585,3.29492449760437
20190425_sample_12,CT,12.0,12.653801259466075,2.614017963409424
20190425_sample_13,CT,14.0,9.910667102129556,2.3897409439086914
20190425_sample_14,CT,27.0,9.981916983862217,2.396250009536743
20190425_sample_16,IT,18.0,7.379028232306239,2.125731945037842
20190429_sample_1,Pvalb,73.0,72.85924717185836,4.30216121673584
20190429_sample_4,Pvalb,60.0,64.56031271923162,4.1829705238342285
20190429_sample_5,Pvalb,123.0,60.417795558770294,4.11769962310791
20190429_sample_6,Pvalb,48.0,45.374646188524224,3.8367528915405273
20190429_sample_7,CT,30.0,12.094885786193165,2.5722217559814453
20190430_sample_1,Vip,26.0,36.92494784171758,3.6356091499328613
20190430_sample_3,Vip,34.0,25.733966890765245,3.2859349250793457
20190430_sample_4,Vip,22.0,16.72692866638553,2.87508487701416
20190430_sample_5,Vip,32.0,18.768902395643252,2.984110116958618
20190430_sample_6,Vip,32.0,35.99776430853081,3.6108574867248535
20190430_sample_7,IT,25.0,15.072551814315293,2.7771129608154297
20190430_sample_8,Vip,44.0,23.227545383278695,3.187490224838257
20190430_sample_9,IT,15.0,8.541261646647818,2.2556257247924805
20190430_sample_10,IT,16.0,13.314882144450172,2.661299705505371
20190501_sample_1,Vip,25.0,19.7233426427318,3.0312607288360596
20190501_sample_3,Vip,10.0,31.246335455582468,3.4734044075012207
20190501_sample_4,Vip,37.0,25.831786799456687,3.2895872592926025
20190501_sample_5,CT,20.0,15.767464383283809,2.8194403648376465
20190501_sample_6,Vip,30.0,16.521569166538217,2.8634326457977295
20190501_sample_7,Pvalb,119.0,79.63375623283996,4.389917373657227
20190501_sample_8,Vip,33.0,23.296699521258784,3.190340518951416
20190501_sample_9,Pvalb,62.0,52.69592767585547,3.983337163925171
20190501_sample_11,Pvalb,129.0,46.47742275955729,3.8602542877197266
20190501_sample_12,IT,21.0,14.087742884814734,2.7138826847076416
20190501_sample_14,Pvalb,73.0,94.87644043427677,4.563060283660889
20190503_sample_1,Vip,27.0,22.089194081269866,3.139364719390869
20190503_sample_3,Vip,22.0,35.25455273853645,3.5905649662017822
20190506_sample_1,Vip,35.0,24.96059667435663,3.256579875946045
20190506_sample_2,Vip,26.0,17.43186751376117,2.91408109664917
20190506_sample_3,Vip,25.0,23.341797602157612,3.192194938659668
20190506_sample_4,CT,12.0,11.238531803916725,2.504589319229126
20190506_sample_5,Vip,27.0,20.296164643102397,3.0585269927978516
20190506_sample_6,CT,17.0,15.610693468618704,2.810046672821045
20190506_sample_7,Vip,53.0,29.64889755945562,3.4225966930389404
20190507_sample_2,Vip,29.0,28.02422779241372,3.368130922317505
20190507_sample_3,CT,22.0,15.367948139841738,2.7953250408172607
20190507_sample_4,Vip,14.0,17.737604780685643,2.930532455444336
20190507_sample_5,Vip,24.0,24.775076726233806,3.249408006668091
20190507_sample_6,Vip,10.0,20.891536511626082,3.0861001014709473
20190508_sample_1,Lamp5,23.0,23.19392180698937,3.1861014366149902
20190508_sample_2,Sst,28.0,33.3175187784766,3.535655975341797
20190508_sample_3,Lamp5,25.0,22.86876511899923,3.1725707054138184
20190508_sample_4,Sst,16.0,22.210315537984513,3.144596815109253
20190508_sample_5,low quality,18.0,21.916843795892824,3.1318721771240234
20190508_sample_6,Pvalb,74.0,45.43204320161255,3.8379898071289062
20190508_sample_7,Sst,31.0,21.14627087663219,3.0976691246032715
20190509_sample_2,Vip,16.0,14.335490352677903,2.7301697731018066
20190509_sample_3,Lamp5,28.0,26.72071680434852,3.3221800327301025
20190509_sample_4,Vip,25.0,23.22478447066422,3.1873762607574463
20190509_sample_5,Lamp5,24.0,34.903443016225516,3.5808331966400146
20190509_sample_9,Vip,28.0,27.69719446314502,3.356799364089966
20190513_sample_1,Lamp5,25.0,29.59666593115824,3.420891046524048
20190513_sample_2,Vip,9.0,23.947848267013292,3.216787576675415
20190513_sample_3,Vip,50.0,17.3991487764932,2.912304401397705
20190513_sample_4,Vip,46.0,18.68317056671471,2.979763984680176
20190513_sample_5,Lamp5,24.0,25.67932222418165,3.283888816833496
20190514_sample_2,Pvalb,46.0,75.9611187142648,4.3433003425598145
20190514_sample_4,Lamp5,31.0,25.927576273642455,3.2931509017944336
20190514_sample_7,Lamp5,27.0,38.26260694589889,3.6702725887298584
20190514_sample_8,Pvalb,47.0,68.16965480328555,4.236562252044678
20190515_sample_1,Lamp5,17.0,23.42905892184921,3.1957733631134033
20190515_sample_2,low quality,26.0,23.740651358695235,3.2084476947784424
20190515_sample_3,low quality,19.0,21.345726476887116,3.106635093688965
20190515_sample_4,Vip,15.0,25.05505878584976,3.260211944580078
20190515_sample_5,Lamp5,32.0,26.265452698785502,3.3056204319000244
20190515_sample_6,Vip,20.0,23.518942029889548,3.199445962905884
20190515_sample_7,Lamp5,22.0,22.739198078039728,3.1671276092529297
20190515_sample_8,Vip,16.0,31.836146681130675,3.491529941558838
20190515_sample_9,Lamp5,22.0,30.990655661032545,3.4654438495635986
20190515_sample_10,Vip,18.0,23.39510915015118,3.194382667541504
20190515_sample_11,Lamp5,13.0,25.367033935773275,3.2721145153045654
20190515_sample_12,Vip,22.0,26.381095732724162,3.3098528385162354
20190515_sample_13,Vip,12.0,24.53486041870281,3.240044593811035
20190515_sample_14,Vip,22.0,27.635273348651864,3.3546392917633057
20190515_sample_15,Lamp5,22.0,36.26784618519395,3.618130922317505
20190516_sample_2,Sst,18.0,15.51190176500102,2.804081439971924
20190516_sample_3,Lamp5,27.0,35.08861046243146,3.58597731590271
20190516_sample_4,Sst,26.0,17.3161821355284,2.907784938812256
20190516_sample_5,Lamp5,11.0,24.89615137900558,3.254094362258911
20190516_sample_6,Sst,17.0,29.171601103094623,3.4069011211395264
20190522_sample_1,Lamp5,18.0,25.18339090071956,3.265125274658203
20190528_sample_2,Vip,18.0,26.61332206666697,3.31829833984375
20190528_sample_4,Vip,31.0,27.694074706122713,3.3566906452178955
20190528_sample_6,Vip,24.0,24.777510362955436,3.249502420425415
20190528_sample_7,Lamp5,19.0,25.521728848573662,3.2779643535614014
20190528_sample_8,Vip,27.0,25.053518252891035,3.260152816772461
20190528_sample_9,Vip,15.0,19.743970986015768,3.0322556495666504
20190529_sample_2,Vip,23.0,22.831815209195735,3.1710214614868164
20190529_sample_3,Sncg,17.0,27.550067430642923,3.3516592979431152
20190529_sample_6,Vip,43.0,24.30043551196736,3.2308216094970703
20190603_sample_1,Lamp5,17.0,22.316596238282774,3.149165391921997
20190603_sample_2,Vip,13.0,24.359093132137815,3.233137369155884
20190603_sample_3,Vip,31.0,33.386979963848965,3.5376780033111572
20190603_sample_4,Vip,18.0,19.398127075770947,3.0154430866241455
20190603_sample_5,Lamp5,20.0,26.017935446021056,3.2965009212493896
20190603_sample_6,Lamp5,16.0,27.29461864743334,3.3426716327667236
20190603_sample_7,Lamp5,30.0,23.330674764148974,3.1917378902435303
20190603_sample_9,Sncg,16.0,30.013851804011594,3.434433937072754
20190603_sample_10,Vip,18.0,17.363602642517794,2.9103705883026123
20190604_sample_2,Pvalb,60.0,64.61507462726217,4.183805465698242
20190604_sample_4,Lamp5,14.0,26.311795744882243,3.307318687438965
20190604_sample_6,Lamp5,16.0,31.271446957865408,3.4741828441619873
20190604_sample_8,Pvalb,57.0,57.9189807126564,4.076163291931152
20190604_sample_12,IT,19.0,11.141032758594015,2.4965908527374268
20190605_sample_1,low quality,17.0,25.12115129031906,3.2627453804016113
20190605_sample_2,Vip,17.0,32.20620668753544,3.502736806869507
20190605_sample_4,Vip,20.0,26.47188291220539,3.3131630420684814
20190605_sample_5,Lamp5,19.0,23.122471999313788,3.1831438541412354
20190605_sample_6,Vip,22.0,34.19471466613072,3.5608959197998047
20190606_sample_1,Pvalb,65.0,71.82371019319385,4.288041591644287
20190606_sample_2,Pvalb,64.0,49.75356825859195,3.9269819259643555
20190606_sample_3,Pvalb,64.0,25.3035362472165,3.2697033882141113
20190606_sample_5,Pvalb,49.0,46.02504589972497,3.850680351257324
20190606_sample_6,IT,10.0,8.433628593207018,2.2442808151245117
20190606_sample_7,low quality,50.0,33.60184232760695,3.5439069271087646
20190606_sample_9,Sst,27.0,32.120758051554404,3.5001602172851562
20190607_sample_2,Sst,25.0,24.23634740480182,3.228285312652588
20190607_sample_3,Lamp5,19.0,33.26419767149903,3.5341010093688965
20190607_sample_5,low quality,68.0,35.86837598149051,3.607354164123535
20190610_sample_1,Sst,22.0,50.07332514906132,3.933262348175049
20190610_sample_2,Pvalb,35.0,34.42833895626709,3.567512035369873
20190610_sample_3,Lamp5,31.0,39.723972000322725,3.7068169116973877
20190610_sample_4,Pvalb,32.0,52.94780916251062,3.9880170822143555
20190610_sample_5,low quality,66.0,26.844590167392912,3.326638698577881
20190610_sample_7,low quality,32.0,27.939320311975735,3.365201234817505
20190610_sample_8,Pvalb,33.0,36.912336332102726,3.6352765560150146
20190610_sample_9,Lamp5,28.0,32.02550431017181,3.4972801208496094
20190610_sample_10,Pvalb,43.0,34.59393522007263,3.5721752643585205
20190610_sample_12,Pvalb,44.0,50.597678282029364,3.943476676940918
20190610_sample_16,Lamp5,26.0,32.210790933403345,3.5028748512268066
20190610_sample_18,Vip,21.0,15.258071246202407,2.7885894775390625
20190611_sample_1,IT,19.0,17.66902209370229,2.926865577697754
20190611_sample_3,Lamp5,25.0,23.71959631192672,3.2075963020324707
20190611_sample_4,Sst,55.0,32.53005202152879,3.512442111968994
20190611_sample_5,low quality,37.0,28.2693222580293,3.376539945602417
20190611_sample_7,Lamp5,37.0,24.148121002995126,3.224783182144165
20190611_sample_8,Sst,18.0,24.219614178028404,3.2276220321655273
20190611_sample_10,Sst,42.0,37.9892408438144,3.663285732269287
20190611_sample_11,IT,101.0,54.353694260825065,4.0137434005737305
20190611_sample_14,Sncg,23.0,15.950154792658072,2.8302769660949707
20190611_sample_15,Lamp5,15.0,30.153324801286207,3.4389209747314453
20190612_sample_1,Lamp5,16.0,27.08373363678668,3.335190534591675
20190612_sample_2,Pvalb,51.0,61.80658646355401,4.140059947967529
20190612_sample_4,Vip,18.0,20.801568077181308,3.081981897354126
20190612_sample_6,Pvalb,40.0,56.536919213054084,4.052426815032959
20190612_sample_7,Lamp5,26.0,32.05299563549119,3.498112201690674
20190612_sample_8,Lamp5,26.0,27.93002794649219,3.364880084991455
20190613_sample_2,Sst,23.0,28.486536890395435,3.3839337825775146
20190613_sample_3,Sst,30.0,33.33216756605752,3.5360827445983887
20190613_sample_4,Sst,21.0,24.554897747392882,3.2408289909362793
20190613_sample_6,Pvalb,56.0,52.931579558321395,3.9877161979675293
20190613_sample_7,Sst,20.0,34.864182438027555,3.5797390937805176
20190613_sample_8,Pvalb,105.0,70.54530646764239,4.270330905914307
20190613_sample_9,Sst,34.0,30.073306959610225,3.4363491535186768
20190613_sample_10,Sst,25.0,29.05931189407909,3.403172492980957
20190614_sample_2,Vip,29.0,19.593829916174887,3.024991512298584
20190614_sample_3,Lamp5,14.0,24.832346455036067,3.2516274452209473
20190614_sample_4,Vip,26.0,26.814924498606445,3.3255727291107178
20190614_sample_6,Vip,23.0,14.809146199478327,2.7605886459350586
20190614_sample_8,Vip,24.0,24.048865402021065,3.2208285331726074
20190617_sample_1,Lamp5,22.0,25.968348649025007,3.294663906097412
20190617_sample_2,CT,14.0,17.088757508720786,2.8952906131744385
20190617_sample_3,Sst,57.0,30.20578501090977,3.440603494644165
20190617_sample_4,Sst,27.0,28.58459424932522,3.387253761291504
20190617_sample_5,Sncg,20.0,20.518811938998564,3.068927526473999
20190617_sample_6,Sst,32.0,27.70916351911427,3.3572163581848145
20190618_sample_1,low quality,23.0,29.17798958093591,3.4071128368377686
20190618_sample_2,Vip,11.0,18.251338030694615,2.95758056640625
20190618_sample_4,Vip,17.0,23.381566870486523,3.1938273906707764
20190618_sample_5,Vip,17.0,17.089814150067465,2.8953490257263184
20190618_sample_7,Lamp5,39.0,39.393079320266686,3.6986584663391113
20190618_sample_8,Lamp5,16.0,20.766370359687453,3.0803661346435547
20190619_sample_1,Lamp5,16.0,33.091056985369875,3.5290350914001465
20190619_sample_3,Pvalb,54.0,63.634072061197344,4.168741703033447
20190619_sample_4,Pvalb,24.0,33.60070388468812,3.5438740253448486
20190619_sample_5,Pvalb,58.0,53.81944734802466,4.004045009613037
20190619_sample_6,Lamp5,27.0,37.42839188431068,3.648796558380127
20190620_sample_1,Lamp5,20.0,31.01687334307926,3.4662630558013916
20190620_sample_2,Sst,24.0,30.879325400130977,3.4619576930999756
20190620_sample_5,Sst,24.0,27.345109954010766,3.344454526901245
20190620_sample_6,Sst,33.0,23.741648247408154,3.2084879875183105
20190620_sample_8,Pvalb,85.0,54.55044605619657,4.01729154586792
20190624_sample_1,Sst,59.0,24.491964019065744,3.238363265991211
20190624_sample_2,Sst,12.0,28.396267768902742,3.3808677196502686
20190624_sample_3,Sst,28.0,29.306636081493103,3.4113667011260986
20190624_sample_4,Pvalb,50.0,54.17842120389464,4.0105719566345215
20190624_sample_5,Sst,44.0,31.10509192884349,3.4690146446228027
20190624_sample_6,Sst,26.0,34.49983692733974,3.569528102874756
20190625_sample_1,Vip,18.0,22.774984056591137,3.1686339378356934
20190625_sample_2,low quality,17.0,24.374696814409642,3.233752489089966
20190625_sample_3,Vip,26.0,24.948956856575755,3.256131410598755
20190625_sample_4,Vip,26.0,12.760482530386144,2.6218008995056152
20190625_sample_5,Vip,28.0,24.87026387849268,3.25309419631958
20190625_sample_6,Lamp5,14.0,28.52358084800925,3.3851892948150635
20190625_sample_7,Vip,28.0,23.898938034662823,3.21482515335083
20190625_sample_8,Vip,25.0,18.820438402250485,2.9867136478424072
20190625_sample_10,Vip,24.0,33.35163802949211,3.536649703979492
20190625_sample_11,Vip,22.0,26.657249357356655,3.31988787651062
20190625_sample_12,Vip,16.0,17.87252997204828,2.9377074241638184
20190625_sample_13,Vip,17.0,20.973015663576803,3.089815139770508
20190626_sample_1,Vip,23.0,25.974727720679006,3.294900417327881
20190626_sample_4,low quality,25.0,24.28101962347469,3.2300539016723633
20190626_sample_5,Vip,29.0,14.569466755543482,2.745311737060547
20190627_sample_1,CT,34.0,14.823879302002338,2.7615201473236084
20190627_sample_2,Lamp5,31.0,37.56802711796784,3.652423620223999
20190627_sample_4,NP,26.0,21.73061690573067,3.1237127780914307
20190627_sample_6,Pvalb,89.0,45.91138528866001,3.8482604026794434
20190627_sample_8,IT,26.0,17.0781987993995,2.8947067260742188
20190628_sample_1,Sst,19.0,19.15577655216227,3.003490924835205
20190628_sample_2,Pvalb,58.0,51.680937034955335,3.9642536640167236
20190628_sample_3,Sst,27.0,31.85026494703866,3.491959810256958
20190628_sample_4,Sst,19.0,18.7089510915679,2.9810729026794434
20190628_sample_5,Sst,26.0,26.65568002938347,3.319831132888794
20190628_sample_6,Pvalb,89.0,49.07535241246963,3.9135289192199707
20190628_sample_7,Sst,33.0,35.800087439757945,3.6055002212524414
20190703_sample_1,Pvalb,89.0,86.80736140129613,4.47514533996582
20190703_sample_2,Pvalb,75.0,63.7913522829343,4.171172142028809
20190703_sample_3,Pvalb,80.0,51.995334241374536,3.9702038764953613
20190703_sample_5,Pvalb,86.0,57.28033339264108,4.065264701843262
20190703_sample_6,Pvalb,84.0,51.38995958560925,3.9587149620056152
20190703_sample_8,Pvalb,68.0,61.15415630109906,4.129617691040039
20190703_sample_10,Pvalb,90.0,62.69509580285805,4.154107570648193
20190703_sample_12,Pvalb,63.0,58.46538523321449,4.085394382476807
20190703_sample_13,Sst,7.0,20.747898367477347,3.079517126083374
20190703_sample_14,low quality,28.0,25.449678350635192,3.2752439975738525
20190703_sample_15,Sst,27.0,19.517083433899852,3.0212578773498535
20190704_sample_2,Sst,41.0,36.77369708602701,3.63161301612854
20190704_sample_12,Vip,21.0,26.872519762819547,3.327641248703003
20190704_sample_14,Vip,21.0,25.647003273810146,3.2826766967773438
20190705_sample_1,Vip,23.0,23.949222299903855,3.2168426513671875
20190705_sample_3,Vip,20.0,23.430503401249442,3.1958324909210205
20190705_sample_4,Vip,25.0,23.32408005190505,3.191466808319092
20190705_sample_5,Vip,14.0,16.19067399680689,2.844367027282715
20190705_sample_9,Vip,30.0,24.573036242500827,3.2415385246276855
20190708_sample_3,low quality,63.0,28.200331983468416,3.3741800785064697
20190708_sample_4,Pvalb,71.0,56.58234328568868,4.053215980529785
20190708_sample_6,Vip,29.0,26.877052244016056,3.32780385017395
20190708_sample_7,Vip,19.0,25.21591633971481,3.266366720199585
20190708_sample_8,IT,21.0,12.96797082724413,2.6367669105529785
20190708_sample_12,Vip,33.0,29.035456259456552,3.402378559112549
20190709_sample_1,Vip,8.0,24.302969118249468,3.230921745300293
20190709_sample_2,Vip,21.0,22.04077434073726,3.13726544380188
20190709_sample_3,Vip,27.0,22.434853868637255,3.154224395751953
20190709_sample_8,Sncg,14.0,17.130587196733423,2.8976004123687744
20190709_sample_10,Vip,23.0,19.565994588928618,3.023638963699341
20190709_sample_11,Vip,20.0,17.47549932805732,2.91644549369812
20190709_sample_12,Vip,25.0,16.422497602671484,2.857762336730957
20190709_sample_13,Vip,23.0,19.24092696731421,3.007706642150879
20190709_sample_14,Vip,36.0,23.181436702327513,3.1855852603912354
20190710_sample_3,Sst,35.0,30.076722444459016,3.4364590644836426
20190710_sample_4,Sst,28.0,16.804772398913805,2.8794665336608887
20190710_sample_5,Sst,25.0,41.37299381292186,3.746511220932007
20190710_sample_6,Sst,23.0,21.881285672627058,3.130319356918335
20190710_sample_8,Vip,46.0,28.787014176656637,3.3940725326538086
20190710_sample_10,Vip,53.0,26.386749704632283,3.3100593090057373
20190712_sample_1,CT,10.0,13.084707386938044,2.645089626312256
20190712_sample_3,Sst,39.0,33.13167209920016,3.5302257537841797
20190712_sample_4,low quality,35.0,35.72399187912098,3.6034302711486816
20190712_sample_5,Lamp5,41.0,35.340790199160644,3.5929408073425293
20190712_sample_6,Lamp5,35.0,28.98201826369426,3.4005978107452393
20190712_sample_7,Lamp5,32.0,28.86077920335395,3.396545886993408
20190715_sample_1,Lamp5,32.0,25.02379387628446,3.2590112686157227
20190715_sample_4,Lamp5,33.0,34.18536825109871,3.5606303215026855
20190715_sample_5,Vip,28.0,22.435613754377076,3.154256820678711
20190715_sample_6,Lamp5,24.0,25.224393200132734,3.2666900157928467
20190715_sample_7,Vip,30.0,26.940078151820483,3.3300621509552
20190715_sample_8,Lamp5,33.0,38.126977138417104,3.6668121814727783
20190715_sample_9,Vip,29.0,27.995303129559723,3.367133855819702
20190715_sample_10,Sncg,25.0,20.59533031677407,3.072477102279663
20190715_sample_11,Lamp5,42.0,33.4920974355791,3.5407302379608154
20190716_sample_1,low quality,66.0,36.068487663106936,3.612767219543457
20190716_sample_3,Sst,10.0,20.600103715076212,3.0726981163024902
20190716_sample_5,Sst,31.0,31.174025262786472,3.4711594581604004
20190716_sample_7,Vip,21.0,24.92446903317713,3.2551872730255127
20190716_sample_8,Lamp5,39.0,44.56791514415447,3.8192038536071777
20190716_sample_9,Vip,16.0,20.76211537981562,3.0801706314086914
20190717_sample_1,Sst,28.0,27.222535567014607,3.340120792388916
20190717_sample_2,Sst,31.0,27.325599565323436,3.3437659740448
20190717_sample_3,Sst,39.0,30.09466546026549,3.4370362758636475
20190718_sample_1,Vip,10.0,23.032569689931265,3.179409980773926
20190718_sample_2,CT,38.0,18.001616410010445,2.944524049758911
20190718_sample_3,CT,16.0,19.281804218341215,3.0097241401672363
20190718_sample_4,Vip,30.0,17.355907337456486,2.9099514484405518
20190718_sample_5,Vip,18.0,17.90101116969699,2.9392154216766357
20190718_sample_6,Vip,27.0,19.14400168395459,3.002906560897827
20190718_sample_7,Vip,18.0,29.669437858403835,3.423266649246216
20190718_sample_8,Vip,22.0,31.729684274189875,3.4882824420928955
20190718_sample_9,Vip,29.0,24.002767312205734,3.2189865112304688
20190719_sample_1,CT,16.0,19.214816870534516,3.006415843963623
20190719_sample_2,IT,18.0,16.344005237960193,2.8532469272613525
20190719_sample_4,IT,16.0,17.352393433191462,2.909759998321533
20190719_sample_5,IT,18.0,13.801709481342636,2.6947426795959473
20190719_sample_6,IT,17.0,17.520232318706082,2.9188637733459473
20190719_sample_9,IT,18.0,12.710927595034507,2.6181931495666504
20190719_sample_10,IT,18.0,13.14857422133437,2.649613857269287
20190722_sample_1,CT,11.0,18.912502280543656,2.9913477897644043
20190722_sample_6,CT,21.0,15.969199685780394,2.831399917602539
20190722_sample_7,low quality,14.0,17.693501053481473,2.928175926208496
20190722_sample_8,low quality,12.0,29.320180003375373,3.411813497543335
20190724_sample_1,Vip,22.0,21.612688797746067,3.118511199951172
20190724_sample_2,CT,14.0,18.28340204222476,2.959244728088379
20190724_sample_4,Vip,29.0,19.6332601580949,3.026904344558716
20190724_sample_5,Vip,30.0,22.87692705980246,3.17291259765625
20190724_sample_6,IT,33.0,19.64545883771036,3.0274953842163086
20190724_sample_9,Vip,32.0,17.67775262728948,2.927333116531372
20190724_sample_10,Vip,28.0,27.571299131151225,3.352402687072754
20190724_sample_12,Vip,27.0,25.002911519204535,3.2582085132598877
20190724_sample_16,low quality,25.0,30.440256400885975,3.448089122772217
20190725_sample_1,Vip,17.0,22.052109906576693,3.1377573013305664
20190725_sample_3,Vip,20.0,16.284021584596598,2.8497824668884277
20190725_sample_4,Sst,25.0,22.185869155775627,3.143543004989624
20190725_sample_5,CT,16.0,12.169474343587236,2.577901601791382
20190725_sample_6,Vip,21.0,19.633388061658128,3.0269105434417725
20190725_sample_7,Vip,15.0,22.53475488865662,3.158478260040283
20190725_sample_8,Vip,20.0,25.50304383890621,3.277259588241577
20190725_sample_9,Vip,14.0,22.45006744773691,3.1548733711242676
20190725_sample_10,low quality,19.0,36.696172467258144,3.629558563232422
20190726_sample_1,Lamp5,15.0,22.866568587846764,3.172478675842285
20190726_sample_2,Pvalb,70.0,51.90969980841501,3.9685866832733154
20190726_sample_3,Lamp5,16.0,32.35592069271045,3.507235288619995
20190726_sample_4,IT,27.0,14.85607055466737,2.76355242729187
20190726_sample_5,Lamp5,35.0,24.881911592349276,3.253544330596924
20190726_sample_6,Sst,40.0,32.83376745958498,3.5214593410491943
20190726_sample_7,Lamp5,36.0,33.301207879412196,3.5351805686950684
20190729_sample_2,Sst,27.0,24.542556791553363,3.2403459548950195
20190729_sample_3,Sst,28.0,32.38289114595094,3.5080435276031494
20190729_sample_5,Pvalb,42.0,33.28471672768993,3.5346996784210205
20190730_sample_1,Vip,36.0,27.900811290303956,3.3638696670532227
20190730_sample_2,Vip,15.0,21.72273846176923,3.123366117477417
20190730_sample_5,Vip,26.0,24.759159281855574,3.2487902641296387
20190730_sample_6,Vip,30.0,21.057748165449883,3.0936639308929443
20190730_sample_7,Vip,21.0,22.827826815814678,3.170854091644287
20190730_sample_9,Lamp5,43.0,30.579207477752494,3.4524989128112793
20190731_sample_1,Pvalb,52.0,60.97055750548256,4.126659393310547
20190731_sample_2,Lamp5,31.0,28.110356036720365,3.371093988418579
20190731_sample_3,low quality,22.0,23.866410186724302,3.213517904281616
20190731_sample_4,Vip,26.0,27.58964954512897,3.3530447483062744
20190731_sample_5,Pvalb,73.0,44.66207486326549,3.821268081665039
20190731_sample_6,low quality,22.0,31.5748971437435,3.483541965484619
20190731_sample_8,Pvalb,73.0,69.59406578174662,4.256946086883545
20190801_sample_1,IT,17.0,16.170954770121718,2.84321928024292
20190801_sample_2,Sst,21.0,26.24323623603643,3.304805278778076
20190801_sample_3,Sst,43.0,25.162343052124477,3.2643210887908936
20190801_sample_4,Sst,27.0,29.78987838995189,3.4271860122680664
20190801_sample_7,Sst,26.0,42.03427901401896,3.7619969844818115
20190801_sample_8,low quality,23.0,19.923352885590557,3.040865898132324
20190820_sample_1,Sst,22.0,29.887571307392925,3.430353879928589
20190820_sample_2,CT,11.0,14.271140183096094,2.7259647846221924
20190820_sample_3,Pvalb,31.0,56.73179532982669,4.055808067321777
20190820_sample_5,Sst,16.0,32.01156258780992,3.4968578815460205
20190820_sample_6,CT,22.0,12.408640914377361,2.5958993434906006
20190821_sample_1,IT,11.0,20.771321712529048,3.0805935859680176
20190821_sample_2,IT,22.0,13.795693754797457,2.694336175918579
20190821_sample_3,CT,11.0,15.957656978672805,2.830719470977783
20190821_sample_4,IT,26.0,14.7077834568749,2.7541563510894775
20190821_sample_5,IT,11.0,14.922027584987946,2.7677035331726074
20190821_sample_6,IT,14.0,11.555520220723551,2.530160427093506
20190821_sample_7,IT,24.0,16.279093772296065,2.8494973182678223
20190823_sample_1,IT,16.0,14.568702091992474,2.745262622833252
20190823_sample_3,Pvalb,41.0,44.78766188617541,3.824014663696289
20190823_sample_5,low quality,28.0,25.94159485669258,3.2936713695526123
20190823_sample_6,IT,18.0,15.656021408096523,2.812771797180176
20190823_sample_7,IT,16.0,12.894655881552753,2.6315042972564697
20190827_sample_1,Sst,39.0,32.30688084318234,3.5057640075683594
20190827_sample_2,low quality,7.0,29.45013685107055,3.416090488433838
20190827_sample_3,Sst,12.0,26.935189087264263,3.3298871517181396
20190827_sample_4,Sst,19.0,26.889995802780202,3.328268051147461
20190827_sample_5,CT,9.0,17.886677394743497,2.9384567737579346
20190827_sample_6,Sst,29.0,27.357973347516786,3.3449082374572754
20190827_sample_7,Pvalb,28.0,26.115559584021906,3.300107717514038
20190827_sample_8,Sst,27.0,25.728511410992265,3.2857308387756348
20190827_sample_9,Sst,31.0,22.135415324946305,3.141364574432373
20190828_sample_1,Vip,20.0,20.83264765497415,3.083406448364258
20190828_sample_3,Vip,27.0,24.05872730455488,3.221222162246704
20190828_sample_4,Vip,28.0,18.663681498092174,2.978773355484009
20190828_sample_5,Vip,26.0,21.690559511700613,3.1219489574432373
20190828_sample_6,Vip,16.0,21.403579454693276,3.1092207431793213
20190828_sample_7,Vip,30.0,33.146265979509124,3.530653238296509
20190829_sample_1,low quality,18.0,26.713117342212588,3.3219058513641357
20190829_sample_2,Lamp5,26.0,26.09085571046818,3.299196243286133
20190829_sample_3,IT,15.0,10.948361525887819,2.4805941581726074
20190829_sample_4,Lamp5,19.0,37.26145662853487,3.6444430351257324
20190829_sample_6,Lamp5,26.0,31.610362562552474,3.4846301078796387
20190829_sample_9,Pvalb,87.0,63.081290106318285,4.160152435302734
20190830_sample_1,IT,14.0,12.617783161097416,2.6113765239715576
20190830_sample_2,IT,13.0,11.240381888132273,2.5047404766082764
20190830_sample_3,low quality,20.0,19.775905508443973,3.0337939262390137
20190830_sample_4,low quality,18.0,18.584199646821705,2.9747231006622314
20190830_sample_6,IT,21.0,12.558070687702195,2.6069819927215576
20190830_sample_8,IT,15.0,11.491646948946324,2.5250601768493652
20190830_sample_9,NP,31.0,25.500548023298887,3.277165412902832
20190904_sample_1,low quality,21.0,30.05744210317635,3.435838460922241
20190904_sample_2,Vip,32.0,25.265046407547228,3.2682390213012695
20190904_sample_3,Vip,19.0,17.872080021234137,2.937683582305908
20190904_sample_4,Vip,22.0,20.239626800912564,3.055868625640869
20190904_sample_5,Vip,51.0,27.310820340884696,3.3432440757751465
20190904_sample_7,Vip,44.0,19.552661895147114,3.0229904651641846
20190905_sample_1,low quality,31.0,33.04973521095721,3.527822256088257
20190905_sample_3,Sst,24.0,23.036128166059132,3.179558038711548
20190906_sample_1,Lamp5,26.0,28.215352667354804,3.374694347381592
20190906_sample_5,CT,18.0,14.283837718471858,2.7267959117889404
20190906_sample_6,Lamp5,30.0,42.847516815513714,3.7807180881500244
20190910_sample_1,Lamp5,16.0,29.62338390250837,3.4217638969421387
20190910_sample_2,Vip,18.0,18.653262419708334,2.978243350982666
20190910_sample_3,Vip,21.0,16.102286690928217,2.83921217918396
20190910_sample_4,Vip,30.0,15.990465442578378,2.8326523303985596
20190910_sample_6,Vip,25.0,25.009136639761156,3.2584478855133057
20190911_sample_3,NP,44.0,21.297877002316525,3.1044914722442627
20190911_sample_4,IT,18.0,14.342135226869939,2.730602979660034
20190911_sample_6,low quality,22.0,18.613104857520696,2.9761979579925537
20190911_sample_7,low quality,20.0,19.87902705343845,3.038745164871216
20190911_sample_9,CT,14.0,12.264162395884792,2.5850658416748047
20190912_sample_1,CT,20.0,18.2273937774749,2.95633602142334
20190912_sample_2,CT,14.0,12.91604283658322,2.633042335510254
20190912_sample_3,CT,24.0,14.406013192275342,2.734757900238037
20190912_sample_4,Lamp5,11.0,41.969678208671596,3.7604947090148926
20190912_sample_6,NP,32.0,7.0957181352649465,2.0913352966308594
20190912_sample_8,CT,25.0,18.144389149420533,2.952009677886963
20190912_sample_10,Pvalb,44.0,31.216503959731618,3.4724788665771484
20190917_sample_1,CT,14.0,13.252605683046193,2.656939744949341
20190917_sample_2,Lamp5,33.0,30.561887839419057,3.4519503116607666
20190917_sample_3,IT,16.0,24.078636155809903,3.2220163345336914
20190919_sample_1,low quality,24.0,17.26225599942995,2.904836416244507
20190919_sample_4,Lamp5,42.0,27.297998576641564,3.3427910804748535
20190919_sample_5,CT,25.0,12.90525076180414,2.6322665214538574
20190924_sample_1,Sst,29.0,29.981201080754428,3.433380603790283
20190924_sample_2,Sst,36.0,30.982266877769653,3.465181589126587
20190924_sample_3,IT,10.0,10.839498461888846,2.4714412689208984
20190924_sample_4,Sst,20.0,33.226346084140964,3.5329957008361816
20190924_sample_5,Sst,33.0,34.05073385900065,3.5567965507507324
20190924_sample_6,Sst,46.0,39.40231598787148,3.6988871097564697
20190924_sample_7,Pvalb,52.0,47.267206545524175,3.8767523765563965
20190924_sample_8,CT,15.0,12.883400425555683,2.6306939125061035
20190925_sample_2,Pvalb,60.0,33.01480476494373,3.5267958641052246
20190925_sample_3,Sst,26.0,32.53512871478782,3.5125935077667236
20190925_sample_4,CT,12.0,20.38269641024949,3.062582015991211
20190925_sample_5,Sst,27.0,33.154603487947625,3.530897378921509
20190925_sample_6,Pvalb,107.0,60.90773680640722,4.125645160675049
20190925_sample_7,Sst,14.0,21.735901436273025,3.1239452362060547
20190926_sample_2,ET,8.0,15.39723858586142,2.7971129417419434
20190926_sample_3,Sst,26.0,31.965811216199576,3.4954710006713867
20190926_sample_4,ET,24.0,28.40022089432666,3.381002187728882
20190926_sample_5,Pvalb,69.0,52.5065735174207,3.979804515838623
20190926_sample_6,Sst,37.0,28.021169351071165,3.368025541305542
20190927_sample_1,IT,11.0,10.939966475356368,2.479891300201416
20190927_sample_2,CT,29.0,14.944083045056498,2.769087791442871
20190927_sample_3,Pvalb,113.0,61.44421068380839,4.134273529052734
20190927_sample_4,IT,17.0,16.009843563448587,2.833792209625244
20190927_sample_5,Pvalb,110.0,81.55955067508631,4.413519859313965
20190927_sample_6,Vip,33.0,23.792371452079816,3.210536003112793
20190927_sample_7,CT,16.0,15.893196596043515,2.826910972595215
20191001_sample_1,Sst,15.0,27.906820422530902,3.364077568054199
20191001_sample_2,low quality,23.0,19.95201156528794,3.0422346591949463
20191001_sample_3,Sst,32.0,20.661938949039726,3.075556755065918
20191001_sample_4,Pvalb,60.0,33.13328338693511,3.530272960662842
20191001_sample_5,Sst,39.0,22.330053165633043,3.149742364883423
20191001_sample_6,Sst,42.0,21.425324277550708,3.1101908683776855
20191003_sample_2,low quality,18.0,27.812472678291623,3.3608083724975586
20191003_sample_3,Sst,30.0,28.912004202150428,3.3982598781585693
20191003_sample_4,Sst,28.0,38.09335266914732,3.665952444076538
20191003_sample_5,Sst,28.0,26.33111609812471,3.30802583694458
20191003_sample_6,CT,15.0,21.31794947653046,3.105391263961792
20191010_sample_1,IT,14.0,15.353979527187796,2.794471263885498
20191010_sample_2,Sst,57.0,80.83664079266802,4.404725074768066
20191010_sample_3,IT,18.0,17.209152853718585,2.9019243717193604
20191010_sample_4,Pvalb,104.0,51.271544002630904,3.9564521312713623
20191010_sample_6,Pvalb,102.0,70.93051396136389,4.275700569152832
20191010_sample_7,ET,17.0,21.00238288947084,3.0911507606506348
20191028_sample_1,Sst,27.0,33.19204149939201,3.5319929122924805
20191028_sample_2,Sst,17.0,23.145960011140644,3.184117078781128
20191028_sample_3,Pvalb,101.0,39.80381248582981,3.708775520324707
20191028_sample_4,low quality,29.0,29.767973661465607,3.4264743328094482
20191028_sample_5,low quality,54.0,21.969810900815155,3.134180784225464
20191030_sample_2,Sst,24.0,30.193295685494846,3.4402031898498535
20191030_sample_3,ET,14.0,24.132608712472656,3.22416615486145
20191030_sample_4,NP,21.0,21.64059512118359,3.1197445392608643
20191030_sample_5,Sst,20.0,35.70861136759657,3.6030113697052
20191101_sample_1,Lamp5,11.0,24.77103346417701,3.249251127243042
20191101_sample_2,CT,14.0,13.357614297999664,2.664280414581299
20191101_sample_3,Lamp5,24.0,29.400280566770594,3.414451837539673
20191101_sample_4,CT,12.0,16.44500937000219,2.859053611755371
20191101_sample_5,CT,24.0,13.092238160865493,2.6456241607666016
20191101_sample_6,CT,14.0,18.125739062094507,2.9510350227355957
20191104_sample_1,Sst,23.0,25.61981935391871,3.28165602684021
20191104_sample_2,Lamp5,22.0,23.763991446560535,3.209390640258789
20191104_sample_3,low quality,39.0,35.3662115357398,3.593640089035034
20191104_sample_4,Pvalb,87.0,60.51566035888904,4.11929178237915
20191105_sample_1,Pvalb,73.0,42.15466551990348,3.7647905349731445
20191105_sample_2,IT,18.0,21.259548080510758,3.102771043777466
20191105_sample_3,Sst,18.0,31.940936915877195,3.494716167449951
20191105_sample_4,Pvalb,44.0,27.998158346965333,3.367232322692871
20191105_sample_5,Sst,42.0,25.532132672555374,3.2783565521240234
20191106_sample_2,Lamp5,14.0,22.545620529915823,3.158939838409424
20191106_sample_3,IT,23.0,14.441742202068953,2.737074375152588
20191106_sample_5,Lamp5,15.0,28.369107917671794,3.379943370819092
20191107_sample_1,low quality,12.0,23.175971811957577,3.185359239578247
20191107_sample_2,Sst,21.0,29.332883831185537,3.4122323989868164
20191107_sample_3,Sst,24.0,22.77247875671969,3.1685285568237305
20191107_sample_4,Sst,24.0,32.24659197265812,3.5039522647857666
20191108_sample_1,CT,20.0,19.568250237613267,3.0237486362457275
20191108_sample_4,CT,13.0,14.0451152654137,2.7110533714294434
20191108_sample_5,IT,10.0,15.498679601388238,2.8032803535461426
20191114_sample_1,Lamp5,18.0,26.307511422138564,3.307161808013916
20191114_sample_2,CT,19.0,15.012311069174388,2.77335786819458
20191114_sample_3,IT,12.0,15.15453496913778,2.782200813293457
20191114_sample_4,Sst,24.0,28.061536253321716,3.369415521621704
20191114_sample_5,low quality,15.0,26.677210007177738,3.3206093311309814
20191114_sample_7,IT,20.0,21.98967153960959,3.135045051574707
20191114_sample_8,IT,20.0,15.863687627575953,2.825162649154663
20191114_sample_9,ET,17.0,24.511785211583184,3.239140510559082
20200106_sample_1,Lamp5,23.0,24.081745539207958,3.222140312194824
20200106_sample_4,IT,4.0,13.429501223989824,2.6692748069763184
20200106_sample_5,IT,21.0,19.83052856332719,3.036419630050659
20200106_sample_6,IT,6.0,14.107111830286563,2.715165615081787
20200225_sample_2,IT,17.0,14.466967004115729,2.738706588745117
20200225_sample_5,Sncg,22.0,23.897080020360093,3.2147505283355713
20200316_sample_1,ET,15.0,12.792566287215386,2.6241297721862793
20200316_sample_2,low quality,14.0,23.832444659848395,3.212151050567627
20200316_sample_3,Pvalb,59.0,71.07636438375624,4.277726173400879
